id,name,name_en,name_cn,x_pos,y_pos,address,parking_count
ST0002,티머니 임시대여소,시즌2 임시대여소,시즌2 임시대여소,37.554250,126.974017,서울특별시 중구 남대문로5가 581 서울시티타워 ,1
ST0003,탄방동 한사랑병원,탄방동 한사랑병원,탄방동 한사랑병원,36.348446,127.390052,탄방동 730,1
ST0004,한가람아파트(2동),한가람아파트(2동),한가람아파트(2동),36.348201,127.390409,탄방동 1446,0
ST0005,목련아파트(103동),목련아파트(103동),목련아파트(103동),36.350037,127.390402,둔산동 1510,1
ST0006,크로바아파트(103동),크로바아파트(103동),크로바아파트(103동),36.352480,127.390385,둔산동 1506,0
ST0007,한마루아파트(107동),한마루아파트(107동),한마루아파트(107동),36.354587,127.390468,둔산동 1388,1
ST0008,농협 둔산중앙지점,농협 둔산중앙지점,농협 둔산중앙지점,36.358919,127.390044,둔산동 926,3
ST0010,둔산동 샤크존,둔산동 샤크존,둔산동 샤크존,36.348853,127.386433,둔산동 1546-1,0
ST0011,공무원연금공단 대전지부,공무원연금공단 대전지부,공무원연금공단 대전지부,36.347026,127.386925,탄방동 700,1
ST0012,시청역 8번출구,시청역 8번출구,시청역 8번출구,36.350583,127.386942,대전광역시 서구 둔산동 1416,0
ST0013,세이브존,세이브존,세이브존,36.351954,127.395413,둔산동 1809,0
ST0014,가람아파트 상가,가람아파트 상가,가람아파트 상가,36.355878,127.398305,둔산동 1805,1
ST0015,수정타운아파트(1동),수정타운아파트(1동),수정타운아파트(1동),36.358282,127.395424,대전광역시 서구 둔산동 1524-1,1
ST0016,문정어린이공원,문정어린이공원,문정어린이공원,36.349982,127.399127,둔산동 24,0
ST0017,한아름아파트(108동),한아름아파트(108동),한아름아파트(108동),36.363321,127.374482,월평3동 1509,0
ST0018,다모아아파트 육교밑(111동),다모아아파트 육교밑(111동),다모아아파트 육교밑(111동),36.363085,127.366753,월평동 311,0
ST0019,은평공원 테니스장 입구,은평공원 테니스장 입구,은평공원 테니스장 입구,36.358670,127.363647,월평동 312,2
ST0020,만년동 기업은행,만년동 기업은행,만년동 기업은행,36.368581,127.379974,만년동 296,0
ST0021,선사유적지 건너편(정부청사),선사유적지 건너편(정부청사),선사유적지 건너편(정부청사),36.361063,127.379685,둔산동 1516,1
ST0022,유성한가족 요양병원 소공원,유성한가족 요양병원 소공원,유성한가족 요양병원 소공원,36.355079,127.350214,봉명동 695,0
ST0023,한밭대학교 남문,한밭대학교 남문,한밭대학교 남문,36.347541,127.301356,덕명동 601-1,0
ST0024,덕명동 화산어린이공원,덕명동 화산어린이공원,덕명동 화산어린이공원,36.349122,127.298730,덕명동 598,1
ST0025,큰마을네거리,큰마을네거리,큰마을네거리,36.348711,127.377134,둔산동 1535,0
ST0026,미호동 넷제로 공판장,미호동 넷제로 공판장,미호동 넷제로 공판장,36.466409,127.468306,미호동 262-4,0
ST0027,과선교 버스정류장(128),과선교 버스정류장(128),과선교 버스정류장(128),36.442713,127.429579,신탄진동 295-191,0
ST0029,오정동 한일방전,오정동 한일방전,오정동 한일방전,36.352175,127.413985,오정동 382-6,0
ST0030,동구 보건지소,동구 보건지소,동구 보건지소,36.342527,127.420480,삼성동 353-14,0
ST0031,도룡동 우성아파트,도룡동 우성아파트,도룡동 우성아파트,36.388274,127.381560,도룡동 383-3,0
ST0032,관저더샵(109동),관저더샵(109동),관저더샵(109동),36.293563,127.328340,관저동 1985,0
ST0033,사정동 송원칼국수,사정동 송원칼국수,사정동 송원칼국수,36.295814,127.389263,사정동 425-5,3
ST0034,안영동 농협하나로마트,안영동 농협하나로마트,안영동 농협하나로마트,36.288285,127.379374,안영동 703,1
ST0035,문화동 다이소,문화동 다이소,문화동 다이소,36.315527,127.408232,문화동 284-31,0
ST0036,문화동 홈플러스,문화동 홈플러스,문화동 홈플러스,36.320762,127.407117,문화동 1-17,1
ST0037,서대전 KT,서대전 KT,서대전 KT,36.321226,127.413759,대전광역시 중구 문화동 1-30,1
ST0038,서대전공원 야외공연장 뒤편,서대전공원 야외공연장 뒤편,서대전공원 야외공연장 뒤편,36.320465,127.410680,문화동 1-39,0
ST0039,문화초네거리(219),문화초네거리(219),문화초네거리(219),36.313097,127.399471,유천동 168-8,0
ST0040,머티네거리(220),머티네거리(220),머티네거리(220),36.309219,127.388027,산성동 160-9,1
ST0041,대사동 대전중앙교회(218),대사동 대전중앙교회(218),대사동 대전중앙교회(218),36.318201,127.416864,대사동 248-229,0
ST0042,오류동 하나은행,오류동 하나은행,오류동 하나은행,36.326435,127.407365,오류동 176-1,1
ST0043,중구청(중구청역 1번출구),중구청(중구청역 1번출구),중구청(중구청역 1번출구),36.325520,127.420748,대흥동 499-1,0
ST0045,대사동 민제한의원(192),대사동 민제한의원(192),대사동 민제한의원(192),36.317763,127.425594,대사동 117-2,0
ST0046,보문산 공영주차장,보문산 공영주차장,보문산 공영주차장,36.311962,127.420543,대사동 197-214,0
ST0047,청란여고 방면 부사오거리 정류장(172),청란여고 방면 부사오거리 정류장(172),청란여고 방면 부사오거리 정류장(172),36.313372,127.433870,부사동 129-5,0
ST0048,대전남부여성가족원(103),대전남부여성가족원(103),대전남부여성가족원(103),36.302280,127.459788,대성동 133,0
ST0049,그린브라우니 가오점,그린브라우니 가오점,그린브라우니 가오점,36.307578,127.454993,가오동 587,1
ST0050,선화참좋은아파트(유안타증권)(142),선화참좋은아파트(유안타증권)(142),선화참좋은아파트(유안타증권)(142),36.331735,127.422352,선화동 83-1,4
ST0051,목동 한사랑아파트 109동(247),목동 한사랑아파트 109동(247),목동 한사랑아파트 109동(247),36.333186,127.412241,목동 111-12,1
ST0052,신흥마을 102동(191),신흥마을 102동(191),신흥마을 102동(191),36.321214,127.444711,대전광역시 동구 신흥동 229,1
ST0053,판암역 4번출구,판암역 4번출구,판암역 4번출구,36.317423,127.459736,대전광역시 동구 판암동 297-24,0
ST0054,대전대 후문(206),대전대 후문(206),대전대 후문(206),36.335168,127.456467,용운동 631,0
ST0055,대동역 4번출구(153),대동역 4번출구(153),대동역 4번출구(153),36.329639,127.442332,대동 160-1,0
ST0056,이스트시티(103동) 화병원 건너편,이스트시티(103동),이스트시티(103동),36.328064,127.439434,대동 539,0
ST0058,천동 위드힐아파트 상가,천동 위드힐아파트 상가,천동 위드힐아파트 상가,36.316432,127.443883,천동 540,2
ST0059,천동 휴먼시아 입구(201동),천동 휴먼시아 입구(201동),천동 휴먼시아 입구(201동),36.316444,127.447992,천동 528,2
ST0060,효동 현대아파트 건너편(103동),효동 현대아파트 건너편(103동),효동 현대아파트 건너편(103동),36.318477,127.442604,효동 147-24,0
ST0062,홍도동 새마을금고 본점 건너편,홍도동 새마을금고 본점 건너편,홍도동 새마을금고 본점 건너편,36.346767,127.425019,홍도동 51-7,0
ST0063,홍도동 새마을금고 홍도지점,홍도동 새마을금고 홍도지점,홍도동 새마을금고 홍도지점,36.346455,127.430473,홍도동 13-9,0
ST0064,삼성동 한밭자이 정류장(104동),삼성동 한밭자이 정류장(104동),삼성동 한밭자이 정류장(104동),36.341048,127.425233,삼성동 479,0
ST0065,대전역(대한통운 건너편)(152),대전역(대한통운 건너편)(152),대전역(대한통운 건너편)(152),36.332329,127.431977,정동 27-9,8
ST0066,삼성네거리(KT&G 동대전지사)(169),삼성네거리(KT&G 동대전지사)(169),삼성네거리(KT&G 동대전지사)(169),36.336373,127.430173,삼성동 112-1,3
ST0067,솔브릿지 국제대학(243),솔브릿지 국제대학(243),솔브릿지 국제대학(243),36.339134,127.433092,삼성동 150-27,1
ST0068,가양비래공원네거리(명석고등학교),가양비래공원네거리(명석고등학교),가양비래공원네거리(명석고등학교),36.353363,127.454036,비래동 47-1,0
ST0069,대전복합버스터미널(118),대전복합버스터미널(118),대전복합버스터미널(118),36.348687,127.434839,용전동 143-46,1
ST0071,용전동 천주교회(119),용전동 천주교회(119),용전동 천주교회(119),36.349346,127.432342,용전동 144-1,1
ST0072,한국통신 용전지점(120),한국통신 용전지점(120),한국통신 용전지점(120),36.352852,127.432283,용전동 167-1,1
ST0073,한전 대전세종충남지역본부 건너편(115),한전 대전세종충남지역본부 건너편(115),한전 대전세종충남지역본부 건너편(115),36.357341,127.434212,용전동 45-1,0
ST0074,롯데하이마트 용전점(116),롯데하이마트 용전점(116),롯데하이마트 용전점(116),36.355292,127.436636,용전동 51-17,0
ST0075,홈플러스 용전점,홈플러스 용전점,홈플러스 용전점,36.354062,127.437939,용전동 65-1,0
ST0076,용전네거리 몽벨,용전네거리 몽벨,용전네거리 몽벨,36.358518,127.432426,용전동 25-7,0
ST0077,동대전새마을금고 용전지점,동대전새마을금고 용전지점,동대전새마을금고 용전지점,36.353727,127.432766,용전동 127-35,0
ST0078,솔랑마을 아파트 상가,솔랑마을 아파트 상가,솔랑마을 아파트 상가,36.342778,127.423590,삼성동 369-1,0
ST0079,오정동 한남육교 아래,오정동 한남육교 아래,오정동 한남육교 아래,36.350763,127.419203,오정동 454-6,0
ST0080,한남대학교 정문,한남대학교 정문,한남대학교 정문,36.351508,127.421384,오정동 172-5,1
ST0081,한남대학교 사회과학대학,한남대학교 사회과학대학,한남대학교 사회과학대학,36.351517,127.422724,오정동 133,0
ST0082,대전역 동광장 휠타이어,대전역 동광장 휠타이어,대전역 동광장 휠타이어,36.333743,127.439426,소제동 301-18,0
ST0083,대동역 1번출구,대동역 1번출구,대동역 1번출구,36.329150,127.442927,대동 146-1,0
ST0084,신흥역 3번출구,신흥역 3번출구,신흥역 3번출구,36.320110,127.448328,판암동 687-39,0
ST0086,덕명동 유성숲오투그란데 3차(501동),덕명동 유성숲오투그란데 3차(501동),덕명동 유성숲오투그란데 3차(501동),36.346087,127.301116,덕명동 614,0
ST0087,계산동 오투그란데리빙포레(301동),계산동 오투그란데리빙포레(301동),계산동 오투그란데리빙포레(301동),36.343282,127.303598,계산동 722,0
ST0088,계산동 오투그란데미학(212동),계산동 오투그란데미학(212동),계산동 오투그란데미학(212동),36.343094,127.303332,계산동 721,0
ST0089,한밭대학교 학생동아리관,한밭대학교 학생동아리관,한밭대학교 학생동아리관,36.354468,127.301220,덕명동 16-1,0
ST0090,덕명동 하우스토리 정류장,덕명동 하우스토리 정류장,덕명동 하우스토리 정류장,36.358214,127.303990,덕명동 528,0
ST0091,둔산동 목련아파트 정류장(301동),둔산동 목련아파트 정류장(301동),둔산동 목련아파트 정류장(301동),36.349129,127.392771,둔산동 1510,0
ST0092,한가람아파트 정류장(9동),한가람아파트 정류장(9동),한가람아파트 정류장(9동),36.348879,127.391961,탄방동 834,0
ST0093,갈마역 4번출구,갈마역 4번출구,갈마역 4번출구,36.357967,127.372948,월평동 301,0
ST0094,갈마역 2번출구,갈마역 2번출구,갈마역 2번출구,36.357393,127.372060,갈마동 820,0
ST0095,갈마역 1번출구,갈마역 1번출구,갈마역 1번출구,36.357284,127.372839,갈마동 820,0
ST0096,월평역 1번출구,월평역 1번출구,월평역 1번출구,36.357998,127.364775,월평동 541,0
ST0097,월평역 2번출구,월평역 2번출구,월평역 2번출구,36.358149,127.363708,월평동 510,1
ST0098,진달래아파트 정류장(107동),진달래아파트 정류장(107동),진달래아파트 정류장(107동),36.358172,127.366554,월평동 312-1,0
ST0099,파랑새아파트 동측입구,파랑새아파트 동측입구,파랑새아파트 동측입구,36.356859,127.376464,둔산동 956,1
ST0100,대전교통공사,대전교통공사,대전교통공사,36.348928,127.353338,월평동 160-20,2
ST0101,대전일보(41),대전일보(41),대전일보(41),36.353493,127.360587,월평동 29-3,2
ST0102,갈마네거리(42),갈마네거리(42),갈마네거리(42),36.353087,127.368377,갈마동 293-5,0
ST0103,월평타운(40),월평타운(40),월평타운(40),36.352915,127.356225,월평동 1298,1
ST0104,갈마1동 행정복지센터,갈마1동 행정복지센터,갈마1동 행정복지센터,36.350749,127.367998,갈마동 316-3,0
ST0105,갈마동 갤러리휴리움(101동),갈마동 갤러리휴리움(101동),갈마동 갤러리휴리움(101동),36.350976,127.368328,갈마동 1496,0
ST0106,갈마아파트 한마음동산(222),갈마아파트 한마음동산(222),갈마아파트 한마음동산(222),36.344292,127.368321,갈마동 392-6,0
ST0107,중앙시장 공영주차장,중앙시장 공영주차장,중앙시장 공영주차장,36.327387,127.433162,원동 85-1,0
ST0108,석봉동 서희스타힐스아파트 상가,석봉동 서희스타힐스아파트 상가,석봉동 서희스타힐스아파트 상가,36.453755,127.424034,석봉동 787,0
ST0109,석봉동 봉주르카운티(A동),석봉동 봉주르카운티(A동),석봉동 봉주르카운티(A동),36.447729,127.421224,석봉동 310-1,0
ST0110,덕암동 금호아파트,덕암동 금호아파트,덕암동 금호아파트,36.443567,127.426774,덕암동 13-6,0
ST0111,덕암동 새뜸어린이공원,덕암동 새뜸어린이공원,덕암동 새뜸어린이공원,36.443673,127.421251,덕암동 22-5,1
ST0112,덕암동 신탄주택,덕암동 신탄주택,덕암동 신탄주택,36.442998,127.427668,덕암동 14-1,0
ST0113,신탄진동 이엘치과병원,신탄진동 이엘치과병원,신탄진동 이엘치과병원,36.447218,127.429807,신탄진동 175-1,1
ST0114,동일스위트 1단지(104동),동일스위트 1단지(104동),동일스위트 1단지(104동),36.453570,127.430378,신탄진동 100-1,0
ST0115,동일스위트 1단지(103동),동일스위트 1단지(103동),동일스위트 1단지(103동),36.452770,127.430576,신탄진동 100-1,0
ST0116,탄방동 도산서원(용문네거리 방면) 정류장,탄방동 도산서원(용문네거리 방면) 정류장,탄방동 도산서원(용문네거리 방면) 정류장,36.343547,127.399822,탄방동 1483-11,1
ST0117,탄방동 e편한세상 정류장(용문네거리 방면),탄방동 e편한세상 정류장(용문네거리 방면),탄방동 e편한세상 정류장(용문네거리 방면),36.341426,127.397086,탄방동 70-5,0
ST0118,탄방동 e편한세상(109동),탄방동 e편한세상(109동),탄방동 e편한세상(109동),36.341160,127.394354,탄방동 1486,0
ST0119,탄방동 e편한세상(102동),탄방동 e편한세상(102동),탄방동 e편한세상(102동),36.342649,127.392663,탄방동 1486,0
ST0120,오류동 주류공동판매장 집배송센타,오류동 주류공동판매장 집배송센타,오류동 주류공동판매장 집배송센타,36.330252,127.401553,오류동 190-3,1
ST0122,용문동 리베라아이누리 1단지(101동),용문동 리베라아이누리 1단지(101동),용문동 리베라아이누리 1단지(101동),36.335689,127.396120,용문동 255-7,0
ST0123,순복음교회(수침교)(111),순복음교회(수침교)(111),순복음교회(수침교)(111),36.335779,127.396610,용문동 249-11,0
ST0124,용문역 3번출구(110),용문역 3번출구(110),용문역 3번출구(110),36.337631,127.392142,용문동 594-10,0
ST0125,가장동 래미안 1단지 건너편(115동),가장동 래미안 1단지 건너편(115동),가장동 래미안 1단지 건너편(115동),36.332127,127.385649,가장동 45-9,0
ST0126,롯데백화점 허리사랑병원,롯데백화점 허리사랑병원,롯데백화점 허리사랑병원,36.339836,127.391096,괴정동 423-5,0
ST0127,롯데백화점 건너편 골드뱅크,롯데백화점 건너편 골드뱅크,롯데백화점 건너편 골드뱅크,36.341391,127.389783,탄방동 91-8,1
ST0128,서부농협본점(109),서부농협본점(109),서부농협본점(109),36.342308,127.387883,탄방동 681,1
ST0129,탄방지하차도(53),탄방지하차도(53),탄방지하차도(53),36.343318,127.383435,탄방동 641,1
ST0130,대전대학교 대전한방병원 정류장,대전대학교 대전한방병원 정류장,대전대학교 대전한방병원 정류장,36.345996,127.379133,둔산동 1136,0
ST0131,경성큰마을아파트(46),경성큰마을아파트(46),경성큰마을아파트(46),36.347661,127.377232,갈마동 1436,1
ST0132,향촌아파트(101동),향촌아파트(101동),향촌아파트(101동),36.352270,127.376113,둔산동 970,0
ST0133,계룡로 대전일보 건너편(갈마동방향),계룡로 대전일보 건너편(갈마동방향),계룡로 대전일보 건너편(갈마동방향),36.354520,127.365583,월평동 1548,1
ST0134,월평동 한국마사회 빌딩,월평동 한국마사회 빌딩,월평동 한국마사회 빌딩,36.356452,127.363784,월평동 519,0
ST0135,대전과학기술대 정문 건너편,대전과학기술대 정문 건너편,대전과학기술대 정문 건너편,36.304837,127.374705,복수동 275-31,0
ST0136,대전과학기술대 정문,대전과학기술대 정문,대전과학기술대 정문,36.304233,127.375310,복수동 333,0
ST0137,용산동 미래남교(현대아울렛 방면),용산동 미래남교(현대아울렛 방면),용산동 미래남교(현대아울렛 방면),36.422576,127.396141,용산동 609,0
ST0138,관평동 테크노타워,관평동 테크노타워,관평동 테크노타워,36.424989,127.393498,관평동 962,1
ST0139,유성구청소년수련관,유성구청소년수련관,유성구청소년수련관,36.380623,127.323343,죽동 601-1,0
ST0140,침신대네거리(롯데마트),침신대네거리(롯데마트),침신대네거리(롯데마트),36.384798,127.320819,하기동 519,0
ST0141,문평동 3.4공단 새일근린공원,문평동 3.4공단 새일근린공원,문평동 3.4공단 새일근린공원,36.446351,127.403352,문평동 78-5,0
ST0142,문평동 3.4공단 문평근린공원,문평동 3.4공단 문평근린공원,문평동 3.4공단 문평근린공원,36.443165,127.398440,문평동 42-4,1
ST0143,목상동 상록수아파트 정류장(101동),목상동 상록수아파트 정류장(101동),목상동 상록수아파트 정류장(101동),36.449166,127.412828,목상동 185-1,0
ST0144,구)대덕경찰서(문평동)(123),구)대덕경찰서(문평동)(123),구)대덕경찰서(문평동)(123),36.446420,127.406535,문평동 83-2,0
ST0145,대덕산업단지 BRT정류장(233),대덕산업단지 BRT정류장(233),대덕산업단지 BRT정류장(233),36.438440,127.395090,신일동 660-3,0
ST0146,신일동 삼양패키징 대전2공장 정류장,신일동 삼양패키징 대전2공장 정류장,신일동 삼양패키징 대전2공장 정류장,36.444337,127.404176,신일동 1685-3,0
ST0147,송강체육관(162),송강체육관(162),송강체육관(162),36.431706,127.387383,송강동 200-2,0
ST0148,송강근린공원 청솔한양아파트 206동 건너편,송강근린공원 청솔한양아파트 206동 건너편,송강근린공원 청솔한양아파트 206동 건너편,36.435157,127.383983,송강동 9,0
ST0149,롯데마트(관평점)(164),롯데마트(관평점)(164),롯데마트(관평점)(164),36.428038,127.386658,관평동 887,0
ST0150,롯데마트대덕점(관평중학교 방면) 정류장,롯데마트대덕점(관평중학교 방면) 정류장,롯데마트대덕점(관평중학교 방면) 정류장,36.426897,127.389510,관평동 807,0
ST0151,관평동 티플라자,관평동 티플라자,관평동 티플라자,36.425805,127.389969,대전광역시 유성구 관평동 930,0
ST0152,초록마을아파트 3단지(217),초록마을아파트 3단지(217),초록마을아파트 3단지(217),36.300386,127.378899,대전광역시 서구 복수동 613,1
ST0153,삼성동 한밭빌라,삼성동 한밭빌라,삼성동 한밭빌라,36.341626,127.414795,삼성동 343-22,0
ST0154,중촌동 금호아파트(8동),중촌동 금호아파트(8동),중촌동 금호아파트(8동),36.340306,127.406599,중촌동 10-2,0
ST0155,외삼네거리 603동(214),외삼네거리 603동(214),외삼네거리 603동(214),36.395288,127.309988,반석동 613,0
ST0156,반석마을 8단지(804동),반석마을 8단지(804동),반석마을 8단지(804동),36.394052,127.311059,반석동 623,1
ST0157,반석마을 8단지 정류장(805동),반석마을 8단지 정류장(805동),반석마을 8단지 정류장(805동),36.395188,127.312011,반석동 623,0
ST0158,반석역 4번출구,반석역 4번출구,반석역 4번출구,36.392696,127.313828,대전광역시 유성구 반석동 636,0
ST0159,반석역 3번출구,반석역 3번출구,반석역 3번출구,36.392270,127.313818,반석동 636,0
ST0160,반석역 1번출구,반석역 1번출구,반석역 1번출구,36.391581,127.314564,반석동 640-3,0
ST0161,반석역 1번출구(179),반석역 1번출구(179),반석역 1번출구(179),36.391285,127.314854,반석동 694,0
ST0162,반석역 6번출구,반석역 6번출구,반석역 6번출구,36.392286,127.314927,반석동 61-22,0
ST0163,반석역 5번출구,반석역 5번출구,반석역 5번출구,36.392494,127.314722,반석동 61-3,0
ST0164,반석마을 5단지(504동),반석마을 5단지(504동),반석마을 5단지(504동),36.390051,127.309719,반석동 622,0
ST0165,노은3지구 영무예다음(102동)(250),노은3지구 영무예다음(102동)(250),노은3지구 영무예다음(102동)(250),36.374482,127.305412,지족동 1052,0
ST0166,노은3지구 트리풀시티포레(105동)(228),노은3지구 트리풀시티포레(105동)(228),노은3지구 트리풀시티포레(105동)(228),36.381056,127.305833,지족동 1043,0
ST0167,노은새미래숲 2단지(201동),노은새미래숲 2단지(201동),노은새미래숲 2단지(201동),36.381316,127.302470,지족동 1042,0
ST0168,노은3동 행정복지센터(201),노은3동 행정복지센터(201),노은3동 행정복지센터(201),36.386728,127.308320,지족동 1024-2,0
ST0169,노은해랑숲마을 6단지(607동),노은해랑숲마을 6단지(607동),노은해랑숲마을 6단지(607동),36.385028,127.307980,지족동 1031,0
ST0170,노은해랑숲마을 5단지(506동) 건너편,노은해랑숲마을 5단지(506동) 건너편,노은해랑숲마을 5단지(506동) 건너편,36.386860,127.305524,지족동 1058,0
ST0171,송림마을 1단지 건너편(107동),송림마을 1단지 건너편(107동),송림마을 1단지 건너편(107동),36.389227,127.316396,반석동 701,0
ST0172,지족동 인앤인아파트(101동),지족동 인앤인아파트(101동),지족동 인앤인아파트(101동),36.385442,127.318512,지족동 834,1
ST0173,지족역 1번출구,지족역 1번출구,지족역 1번출구,36.384041,127.319149,지족동 836-6,0
ST0174,지족역 2번출구,지족역 2번출구,지족역 2번출구,36.383603,127.319711,대전광역시 유성구 지족동 933,0
ST0175,지족동 인앤인아파트(103동),지족동 인앤인아파트(103동),지족동 인앤인아파트(103동),36.384873,127.319635,지족동 836-5,0
ST0176,송림마을 2단지(202동),송림마을 2단지(202동),송림마을 2단지(202동),36.387756,127.319703,하기동 516,0
ST0177,송림마을 1단지(101동),송림마을 1단지(101동),송림마을 1단지(101동),36.388078,127.319753,하기동 512,0
ST0178,송림마을 2단지 입구,송림마을 2단지 입구,송림마을 2단지 입구,36.387875,127.321377,하기동 516,0
ST0179,한국침례신학대학교 입구,한국침례신학대학교 입구,한국침례신학대학교 입구,36.386922,127.324541,하기동 534-3,0
ST0181,송림마을 5단지(502동)(229),송림마을 5단지(502동)(229),송림마을 5단지(502동)(229),36.390972,127.329523,하기동 545,1
ST0182,신성동 KT_G 건너편(161),신성동 KT_G 건너편(161),신성동 KT_G 건너편(161),36.384780,127.348631,신성동 153,0
ST0183,한화솔루션중앙연구소 입구,한화솔루션중앙연구소 입구,한화솔루션중앙연구소 입구,36.384830,127.351862,신성동 6,0
ST0184,신성동 대림두레(101동),신성동 대림두레(101동),신성동 대림두레(101동),36.385107,127.350765,신성동 152-1,0
ST0185,연구단지운동장 건너편(160),연구단지운동장 건너편(160),연구단지운동장 건너편(160),36.385517,127.353701,신성동 118-41,1
ST0186,한국에너지기술연구원 입구,한국에너지기술연구원 입구,한국에너지기술연구원 입구,36.384857,127.359816,장동 71-2,2
ST0187,천문대 입구(258),천문대 입구(258),천문대 입구(258),36.382768,127.354999,신성동 7-13,2
ST0188,한국생명공학연구원 입구,한국생명공학연구원 입구,한국생명공학연구원 입구,36.377783,127.356450,어은동 52,5
ST0189,카이스트 후문(한국원자력안전기술원)(25),카이스트 후문(한국원자력안전기술원)(25),카이스트 후문(한국원자력안전기술원)(25),36.374198,127.367134,구성동 19,6
ST0190,화폐박물관(24),화폐박물관(24),화폐박물관(24),36.376836,127.371026,가정동 35,3
ST0191,유성구청(31),유성구청(31),유성구청(31),36.361649,127.357305,어은동 59-12,1
ST0192,궁동 다솔아파트 입구,궁동 다솔아파트 입구,궁동 다솔아파트 입구,36.361324,127.347890,궁동 418-2,0
ST0193,온천교(충남대학교 방면),온천교(충남대학교 방면),온천교(충남대학교 방면),36.360895,127.344486,궁동 482-6,3
ST0194,봉명동 현대리조텔,봉명동 현대리조텔,봉명동 현대리조텔,36.356127,127.342022,봉명동 535-7,0
ST0195,홍인 오피스텔,홍인 오피스텔,홍인 오피스텔,36.356149,127.342640,봉명동 536-9,1
ST0196,유성온천역 1번출구,유성온천역 1번출구,유성온천역 1번출구,36.353291,127.342098,봉명동 1016-1,0
ST0197,노브랜드 유성온천점,노브랜드 유성온천점,노브랜드 유성온천점,36.352032,127.346343,봉명동 1017-3,1
ST0198,봉명동 노블레스3,봉명동 노블레스3,봉명동 노블레스3,36.358541,127.349748,봉명동 640-8,0
ST0199,봉명동 하이랜드 1차,봉명동 하이랜드 1차,봉명동 하이랜드 1차,36.358877,127.347443,봉명동 640-2,0
ST0200,봉명동 사이언스타운,봉명동 사이언스타운,봉명동 사이언스타운,36.354888,127.344630,봉명동 549-1,0
ST0201,봉명동 호텔인터시티,봉명동 호텔인터시티,봉명동 호텔인터시티,36.354465,127.347672,봉명동 545-5,2
ST0202,도안 2단지 호반베르디움(201동)(145),도안 2단지 호반베르디움(201동)(145),도안 2단지 호반베르디움(201동)(145),36.348885,127.347667,봉명동 1021,0
ST0203,도안 2단지 호반베르디움(211동),도안 2단지 호반베르디움(211동),도안 2단지 호반베르디움(211동),36.351459,127.346318,봉명동 1017-8,0
ST0204,도안 1단지 휴먼시아(101동),도안 1단지 휴먼시아(101동),도안 1단지 휴먼시아(101동),36.351894,127.343572,봉명동 1025-1,0
ST0205,도안 1단지 휴먼시아 정류장(109동),도안 1단지 휴먼시아 버스정류장(109동),도안 1단지 휴먼시아 버스정류장(109동),36.348803,127.342177,봉명동 1024,0
ST0206,도안 6단지 센트럴시티 정류장(607동),도안 6단지 센트럴시티 정류장(607동),도안 6단지 센트럴시티 정류장(607동),36.348225,127.342333,봉명동 1036,0
ST0207,도안 6단지 센트럴시티 큰길방향(608동),도안 6단지 센트럴시티 큰길방향(608동),도안 6단지 센트럴시티 큰길방향(608동),36.347331,127.340631,봉명동 1031-8,0
ST0208,도안 7단지 예미지(701동)(148),도안 7단지 예미지(701동)(148),도안 7단지 예미지(701동)(148),36.348237,127.344469,봉명동 1038-2,0
ST0209,도안 7단지 작은내수변공원,도안 7단지 작은내수변공원,도안 7단지 작은내수변공원,36.345559,127.344480,봉명동 1042,0
ST0210,원골네거리(진터네거리 방면),원골네거리(진터네거리 방면),원골네거리(진터네거리 방면),36.344587,127.340525,봉명동 1056-1,0
ST0211,도안 센트럴시티 입구(롯데리아),도안 센트럴시티 입구(롯데리아),도안 센트럴시티 입구(롯데리아),36.346075,127.340649,봉명동 1035-1,0
ST0212,도안 9단지 트리풀시티(920동)버스정류장 ,도안 9단지 트리풀시티(920동),도안 9단지 트리풀시티(920동),36.341505,127.338001,상대동 484-7,0
ST0213,도안 9단지 트리풀시티(913동),도안 9단지 트리풀시티(913동),도안 9단지 트리풀시티(913동),36.339453,127.336273,상대동 484-7,0
ST0214,도안 3단지 한라비발디(306동),도안 3단지 한라비발디(306동),도안 3단지 한라비발디(306동),36.343130,127.333528,상대동 461-4,0
ST0215,도안 3단지 한라비발디(301동)(67),도안 3단지 한라비발디(301동)(67),도안 3단지 한라비발디(301동)(67),36.344845,127.335495,상대동 462,0
ST0216,도안 9단지 트리풀시티(920동)(69),도안 9단지 트리풀시티(920동)(69),도안 9단지 트리풀시티(920동)(69),36.342697,127.337678,상대동 487,0
ST0217,도안 5단지 트리풀시티 정문(501동) ,도안 5단지 트리풀시티 정문(501동) ,도안 5단지 트리풀시티 정문(501동) ,36.343942,127.335742,상대동 464,1
ST0219,목원대학교 정문 좌측,목원대학교 정문 좌측,목원대학교 정문 좌측,36.330653,127.337926,용계동 664-7,1
ST0220,도안 10단지 휴먼시아(1010동)(70),도안 10단지 휴먼시아(1010동)(70),도안 10단지 휴먼시아(1010동)(70),36.338016,127.338472,원신흥동 541-1,0
ST0221,원신흥도서관,원신흥도서관,원신흥도서관,36.337712,127.338019,원신흥동 560,2
ST0222,도안 12단지 어울림하트(1201동),도안 12단지 어울림하트(1201동),도안 12단지 어울림하트(1201동),36.332458,127.341316,원신흥동 529,0
ST0223,도안 12단지 어울림하트(1204동),도안 12단지 어울림하트(1204동),도안 12단지 어울림하트(1204동),36.332424,127.344083,대전광역시 유성구 원신흥동 528-3,0
ST0224,도안 예미지(107동),도안 예미지(107동),도안 예미지(107동),36.331872,127.343798,도안동 965,0
ST0225,도안 예미지(101동),도안 예미지(101동),도안 예미지(101동),36.331983,127.341216,도안동 888,1
ST0226,목원대네거리(도로교통공단 방면) 정류장,목원대네거리(도로교통공단 방면) 정류장,목원대네거리(도로교통공단 방면) 정류장,36.332575,127.339389,원신흥동 558-11,1
ST0227,목원대학교 정문 우측,목원대학교 정문 우측,목원대학교 정문 우측,36.330444,127.338310,도안동 844,3
ST0228,도안 11단지 천년나무 건너편(1110동),도안 11단지 천년나무 건너편(1110동),도안 11단지 천년나무 건너편(1110동),36.339989,127.344277,대전광역시 유성구 원신흥동 510,1
ST0229,도안 11단지 천년나무 11단지(1104동),도안 11단지 천년나무 11단지(1104동),도안 11단지 천년나무 11단지(1104동),36.341765,127.347050,원신흥동 511,0
ST0230,도안 11단지 천년나무 입구(북측),도안 11단지 천년나무 입구(북측),도안 11단지 천년나무 입구(북측),36.341652,127.345658,원신흥동 512,0
ST0231,도안 11단지 천년나무 입구(남측),도안 11단지 천년나무 입구(남측),도안 11단지 천년나무 입구(남측),36.338936,127.345808,원신흥동 513-1,1
ST0232,도안 11단지 천년나무(1106동),도안 11단지 천년나무(1106동),도안 11단지 천년나무(1106동),36.339661,127.348084,원신흥동 513-6,0
ST0233,도안 11단지 천년나무 건너편(1106동),도안 11단지 천년나무 건너편(1106동),도안 11단지 천년나무 건너편(1106동),36.339173,127.348290,원신흥동 515-1,1
ST0234,도안 10단지 휴먼시아 건너편(1010동),도안 10단지 휴먼시아 건너편(1010동),도안 10단지 휴먼시아 건너편(1010동),36.338364,127.338494,원신흥동 493-1,1
ST0235,도안동(수목토아파트 방면) 정류장(34890),도안동(수목토아파트 방면) 정류장(34890),도안동(수목토아파트 방면) 정류장(34890),36.326001,127.347719,도안동 980,0
ST0236,도안 15단지 아이파크(1502동),도안 15단지 아이파크(1502동),도안 15단지 아이파크(1502동),36.321177,127.347650,대전광역시 서구 도안동 1493,0
ST0237,도안 16단지 수목토(101동),도안 16단지 수목토(101동),도안 16단지 수목토(101동),36.320676,127.347587,도안동 1364,0
ST0238,도안 17단지 계룡리슈빌(1710동),도안 17단지 계룡리슈빌(1710동),도안 17단지 계룡리슈빌(1710동),36.317298,127.347777,도안동 1368,0
ST0239,도안 17단지 베르디움(104동),도안 17단지 베르디움(104동),도안 17단지 베르디움(104동),36.312868,127.349708,도안동 1373,0
ST0240,도안 17단지 계룡리슈빌(1701동),도안 17단지 계룡리슈빌(1701동),도안 17단지 계룡리슈빌(1701동),36.313916,127.345964,도안동 1371,1
ST0241,도안동 축산농협 하나로마트,도안동 축산농협 하나로마트,도안동 축산농협 하나로마트,36.312898,127.350277,도안동 1472,0
ST0242,가수원파출소 건너편(253),가수원파출소 건너편(253),가수원파출소 건너편(253),36.308726,127.351583,가수원동 927,0
ST0243,가수원네거리(계룡아파트 방면),가수원네거리(계룡아파트 방면),가수원네거리(계룡아파트 방면),36.304720,127.352526,가수원동 763-1,0
ST0244,은아아파트 3단지 육교밑(302동),은아아파트 3단지 육교밑(302동),은아아파트 3단지 육교밑(302동),36.304321,127.351054,가수원동 762,0
ST0246,관저동 느리울마을 11단지 정류장(1114동),관저동 느리울마을 11단지 정류장(1114동),관저동 느리울마을 11단지 정류장(1114동),36.302792,127.343594,관저동 1422,1
ST0247,관저동 느리울마을 11단지(1112동),관저동 느리울마을 11단지(1112동),관저동 느리울마을 11단지(1112동),36.302039,127.344680,관저동 1422,0
ST0248,관저 리슈빌(103동),관저리슈빌(103동),관저리슈빌(103동),36.300129,127.343028,관저동 1420,0
ST0249,느리울마을 12단지(1202동),느리울마을 12단지(1202동),느리울마을 12단지(1202동),36.298925,127.342112,관저동 1398,0
ST0250,느리울중네거리(239),느리울중네거리(239),느리울중네거리(239),36.296370,127.340762,관저동 1482,0
ST0251,관저동 남대전농협 하나로마트,관저동 남대전농협 하나로마트,관저동 남대전농협 하나로마트,36.296800,127.335952,관저동 1547,0
ST0253,관저예미지명가의풍경아파트 114동,관저예미지명가의풍경아파트 114동,관저예미지명가의풍경아파트 114동,36.296060,127.334462,관저동 1574,0
ST0254,관저동 마치광장 해뜰마을어린이도서관,관저동 마치광장 해뜰마을어린이도서관,관저동 마치광장 해뜰마을어린이도서관,36.297970,127.338627,관저동 1516,0
ST0255,관저동 마치광장 서측,관저동 마치광장 서측,관저동 마치광장 서측,36.297879,127.336990,관저동 1519,0
ST0256,관저동 마치광장 북측,관저동 마치광장 북측,관저동 마치광장 북측,36.298795,127.337445,관저동 1511,0
ST0257,관저동 미즈모아산부인과,관저동 미즈모아산부인과,관저동 미즈모아산부인과,36.298865,127.339432,관저동 1345,0
ST0258,관저동 하이존 상가,관저동 하이존 상가,관저동 하이존 상가,36.299156,127.340093,관저동 1458,0
ST0259,관저 리슈빌(101동),관저 리슈빌(101동),관저 리슈빌(101동),36.300166,127.340954,관저동 1415,0
ST0260,건양대병원네거리(리슈빌110동),건양대병원네거리(리슈빌110동),건양대병원네거리(리슈빌110동),36.302124,127.340835,대전광역시 서구 관저동 1433,0
ST0261,건양대병원네거리 정류장(느리울12단지 방면)(33590),건양대병원네거리 정류장(느리울12단지 방면)(33590),건양대병원네거리 정류장(느리울12단지 방면)(33590),36.301894,127.340429,관저동 1437,0
ST0262,관저동 공영주차장,관저동 공영주차장,관저동 공영주차장,36.300021,127.337900,관저동 1446,0
ST0263,"관저동 신선마을 건너편(213동, 관저네거리방면)","관저동 신선마을 건너편(213동, 관저네거리방면)","관저동 신선마을 건너편(213동, 관저네거리방면)",36.300367,127.335073,관저동 1016,0
ST0264,관저2동 행정복지센터(176),관저2동 행정복지센터(176),관저2동 행정복지센터(176),36.299263,127.335067,관저동 1104,0
ST0265,"관저동 신선마을 정류장(213동, 33450)","관저동 신선마을 정류장(213동, 33450)","관저동 신선마을 정류장(213동, 33450)",36.300288,127.334645,관저동 1130,1
ST0266,관저동 행복자전거협동조합 건너편,관저동 행복자전거협동조합 건너편,관저동 행복자전거협동조합 건너편,36.299139,127.339037,관저동 1341,0
ST0267,"관저동 신선마을 정류장(208동, 33430)","관저동 신선마을 정류장(208동, 33430)","관저동 신선마을 정류장(208동, 33430)",36.299062,127.332332,관저동 1130,0
ST0268,"관저동 구봉마을 8단지 정류장(814동, 33420)","관저동 구봉마을 8단지 정류장(814동, 33420)","관저동 구봉마을 8단지 정류장(814동, 33420)",36.298805,127.332188,관저동 1148,0
ST0269,구봉초등학교 건너편(188),구봉초등학교 건너편(188),구봉초등학교 건너편(188),36.298827,127.329598,관저동 1147,0
ST0270,원내동 샘물타운(301동)(189),원내동 샘물타운(301동)(189),원내동 샘물타운(301동)(189),36.299738,127.320331,원내동 394,1
ST0271,원내동 샘물타운(305동),원내동 샘물타운(305동),원내동 샘물타운(305동),36.299599,127.322607,원내동 394,0
ST0272,원내동 샘물타운(308동),원내동 샘물타운(308동),원내동 샘물타운(308동),36.298553,127.323147,원내동 394,0
ST0273,서일여고 입구 건너편,서일여고 입구 건너편,서일여고 입구 건너편,36.295188,127.321062,원내동 358,0
ST0274,원내동 솔마루어린이공원 입구,원내동 솔마루어린이공원 입구,원내동 솔마루어린이공원 입구,36.303985,127.320409,대전광역시 유성구 원내동 80-16,2
ST0275,롯데마트 서대전점,롯데마트 서대전점,롯데마트 서대전점,36.300023,127.325134,원내동 33-13,0
ST0276,대정동 모다아울렛(226),대정동 모다아울렛(226),대정동 모다아울렛(226),36.313023,127.319778,대정동 303-5,0
ST0277,건양대네거리(175),건양대네거리(175),건양대네거리(175),36.302408,127.339333,관저동 1002,0
ST0278,관저1동 행정복지센터(177),관저1동 행정복지센터(177),관저1동 행정복지센터(177),36.303741,127.337202,관저동 999-3,0
ST0279,관저동 원앙2단지 건너편(205동),관저동 원앙2단지 건너편(205동),관저동 원앙2단지 건너편(205동),36.308998,127.340582,관저동 1893-20,0
ST0280,관저동 대자연마을(108동),관저동 대자연마을(108동),관저동 대자연마을(108동),36.307592,127.338717,관저동 990,0
ST0281,관저동 대자연마을 상가동,관저동 대자연마을 상가동,관저동 대자연마을 상가동,36.306227,127.337211,관저동 990,0
ST0282,관저동 대자연마을 건너편(107동),관저동 대자연마을 건너편(107동),관저동 대자연마을 건너편(107동),36.307644,127.336623,관저동 1829,0
ST0283,원앙네거리(대자연마을아파트 방면),원앙네거리(대자연마을아파트 방면),원앙네거리(대자연마을아파트 방면),36.307625,127.335373,관저동 1788,0
ST0284,원앙네거리(관저 지하차도 방면),원앙네거리(관저 지하차도 방면),원앙네거리(관저 지하차도 방면),36.306209,127.335211,관저동 1919,0
ST0285,정림삼거리(224),정림삼거리(224),정림삼거리(224),36.307183,127.363901,정림동 497,2
ST0286,정림동 늘푸른아파트 건너편(102동),정림동 늘푸른아파트 건너편(102동),정림동 늘푸른아파트 건너편(102동),36.301564,127.366558,정림동 668,0
ST0287,정림동 우성아파트 1차 건너편(117동),정림동 우성아파트 1차 건너편(117동),정림동 우성아파트 1차 건너편(117동),36.303940,127.365945,정림동 635,1
ST0288,정림동 서구국민체육센터,정림동 서구국민체육센터,정림동 서구국민체육센터,36.303639,127.363102,정림동 402-2,0
ST0289,한남대학교 후문(122),한남대학교 후문(122),한남대학교 후문(122),36.358592,127.422672,중리동 231-2,2
ST0290,국민연금공단 북대전지사 정류장,국민연금공단 북대전지사 정류장,국민연금공단 북대전지사 정류장,36.358571,127.412510,오정동 62-1,4
ST0291,오정네거리(대화중 방면),오정네거리(대화중 방면),오정네거리(대화중 방면),36.358904,127.415425,오정동 64-15,0
ST0292,법동 e편한세상 상가,법동 e편한세상 상가,법동 e편한세상 상가,36.366742,127.426153,법동 284-10,0
ST0293,대전중앙병원(73),대전중앙병원(73),대전중앙병원(73),36.367583,127.429641,법동 287-4,0
ST0294,보람아파트(75),보람아파트(75),보람아파트(75),36.366409,127.430400,법동 202-9,0
ST0295,송촌먹자골목 공영주차장,송촌먹자골목 공영주차장,송촌먹자골목 공영주차장,36.365580,127.437946,송촌동 458,0
ST0296,법동 그린타운 정류장(104동),법동 그린타운 정류장(104동),법동 그린타운 정류장(104동),36.368002,127.434615,법동 195-1,0
ST0297,선비마을 3단지(77),선비마을 3단지(77),선비마을 3단지(77),36.368186,127.440099,송촌동 461-1,0
ST0298,송촌동 해피존,송촌동 해피존,송촌동 해피존,36.367041,127.438405,송촌동 445-4,1
ST0299,동춘당공원(81),동춘당공원(81),동춘당공원(81),36.364606,127.440921,송촌동 192,0
ST0300,선비마을 입구(76),선비마을 입구(76),선비마을 입구(76),36.367629,127.436401,송촌동 446-1,0
ST0301,송촌소방서(80),송촌소방서(80),송촌소방서(80),36.362965,127.438949,송촌동 472-7,0
ST0302,수도시설관리사업소(79),수도시설관리사업소(79),수도시설관리사업소(79),36.362049,127.435792,중리동 505-4,0
ST0303,대전지방국세청 서측,대전지방국세청 서측,대전지방국세청 서측,36.372022,127.426834,법동 282-1,0
ST0304,대전지방국세청(71),대전지방국세청(71),대전지방국세청(71),36.371901,127.428417,법동 282-1,0
ST0305,법동 삼정하이츠 정류장(7동),법동 삼정하이츠 정류장(7동),법동 삼정하이츠 정류장(7동),36.373687,127.427946,법동 281,0
ST0306,신대노인복지관,신대노인복지관,신대노인복지관,36.398428,127.420516,신대동 228-5,3
ST0307,와동 현대아파트(대덕의원)(234),와동 현대아파트(대덕의원)(234),와동 현대아파트(대덕의원)(234),36.400464,127.422657,신대동 179,1
ST0308,상서동 대창아파트 입구,상서동 대창아파트 입구,상서동 대창아파트 입구,36.425959,127.425862,상서동 141,0
ST0309,송촌대양 공영주차장 정류장,송촌대양 공영주차장 정류장,송촌대양 공영주차장 정류장,36.362643,127.438699,송촌동 487-1,0
ST0310,송촌동 대양어린이공원,송촌동 대양어린이공원,송촌동 대양어린이공원,36.361713,127.439411,대전광역시 대덕구 송촌동 488-1,0
ST0311,국방신뢰성연구센터 정류장,국방신뢰성연구센터 정류장,국방신뢰성연구센터 정류장,36.430332,127.412361,신일동 62,1
ST0312,국방신뢰성연구센터 건너편 정류장,국방신뢰성연구센터 건너편 정류장,국방신뢰성연구센터 건너편 정류장,36.429973,127.412416,신일동 58-2,0
ST0313,서대전농협 본점 주차장,서대전농협 본점 주차장,서대전농협 본점 주차장,36.318013,127.395195,유천동 308-3,2
ST0314,유천동 창제한의원,유천동 열린의원,유천동 열린의원,36.318112,127.396968,유천동 210-8,1
ST0315,유천신협 본점,유천신협 본점,유천신협 본점,36.318941,127.400488,유천동 186-5,1
ST0316,유천동 대전중부새마을금고 본점,유천동 대전중부새마을금고 본점,유천동 대전중부새마을금고 본점,36.316586,127.391298,대전광역시 중구 유천동 328-2,0
ST0317,용문동 롯데렌터카,용문동 롯데렌터카,용문동 롯데렌터카,36.332336,127.393709,용문동 282-7,0
ST0318,가장교(성은사)(113),가장교(성은사)(113),가장교(성은사)(113),36.328533,127.388022,가장동 31-7,1
ST0319,가장동 들말어린이공원,가장동 들말어린이공원,가장동 들말어린이공원,36.328977,127.381903,가장동 405,0
ST0320,태평동 삼부프라자(86),태평동 삼부프라자(86),태평동 삼부프라자(86),36.322955,127.393553,태평동 395-1,0
ST0321,태평초등학교(88),태평초등학교(88),태평초등학교(88),36.321413,127.393986,유천동 322-1,1
ST0322,버드내초등학교(89),버드내초등학교(89),버드내초등학교(89),36.319767,127.392384,태평동 551,0
ST0323,변동네거리(복음천하교회)(237),변동네거리(복음천하교회)(237),변동네거리(복음천하교회)(237),36.324294,127.378474,변동 60-2,0
ST0324,도마동 서대전중앙교회,도마동 서대전중앙교회,도마동 서대전중앙교회,36.314566,127.379227,도마동 145-11,0
ST0325,도마네거리 하나은행,도마네거리 하나은행,도마네거리 하나은행,36.313300,127.379728,도마동 172-15,2
ST0326,엑스포아파트 4단지 건너편(181),엑스포아파트 4단지 건너편(181),엑스포아파트 4단지 건너편(181),36.396622,127.404678,전민동 390-4,0
ST0327,엑스포아파트 4단지(407동),엑스포아파트 4단지(407동),엑스포아파트 4단지(407동),36.396112,127.405244,전민동 464-1,0
ST0328,문지동 민마루근린공원 ,문지동 민마루근린공원 ,문지동 민마루근린공원 ,36.392284,127.407027,문지동 673,4
ST0329,전민동 행정복지센터 건너편(180),전민동 행정복지센터 건너편(180),전민동 행정복지센터 건너편(180),36.399515,127.401644,전민동 304-4,7
ST0330,충남대학교 서문 건너편(궁동교 방면) 정류장,충남대학교 서문 건너편(궁동교 방면) 정류장,충남대학교 서문 건너편(궁동교 방면) 정류장,36.370704,127.340116,죽동 725-7,0
ST0331,월드컵경기장역 3번출구,월드컵경기장역 3번출구,월드컵경기장역 3번출구,36.367194,127.317463,노은동 517-3,0
ST0332,노은1동 행정복지센터(199),노은1동 행정복지센터(199),노은1동 행정복지센터(199),36.368054,127.318101,노은동 546,0
ST0333,노은역 3번출구(178),노은역 3번출구(178),노은역 3번출구(178),36.374293,127.318069,지족동 901-5,0
ST0334,노은동 피자헛,노은동 피자헛,노은동 피자헛,36.372077,127.317515,노은동 491-1,1
ST0335,노은역 1번출구,노은역 1번출구,노은역 1번출구,36.373263,127.317652,지족동 894-2,0
ST0336,열매마을 1단지(지족초등학교)(215),열매마을 1단지(지족초등학교)(215),열매마을 1단지(지족초등학교)(215),36.379263,127.317653,지족동 852,0
ST0337,자운대아파트 78단지 정문,자운대아파트 78단지 정문,자운대아파트 78단지 정문,36.412890,127.342402,신봉동 13-7,2
ST0338,아이파크시티 1단지 107동,아이파크시티 1단지 107동,아이파크시티 1단지 107동,36.338115,127.332058,상대동 383-4,0
ST0339,새마을금고 원신흥지점,새마을금고 원신흥지점,새마을금고 원신흥지점,36.334575,127.337939,원신흥동 575-7,1
ST0340,대동 대전지식산업센터,대동 대전지식산업센터,대동 대전지식산업센터,36.328590,127.443672,대동 549,0
ST0341,대동 새들뫼 1단지 입구(104동),대동 새들뫼 1단지 입구(104동),대동 새들뫼 1단지 입구(104동),36.328500,127.441287,대동 527,0
ST0342,신안동 블루부코,신안동 블루부코,신안동 블루부코,36.329697,127.439284,신안동 249-41,0
ST0343,우송중학교 입구,우송중학교 입구,우송중학교 입구,36.335685,127.442644,소제동 305-792,0
ST0344,우송대학교 서캠퍼스 사회복지융합관 건너편,우송대학교 서캠퍼스 사회복지융합관 건너편,우송대학교 서캠퍼스 사회복지융합관 건너편,36.336660,127.443003,가양동 360-5,0
ST0346,큰마을아파트 112동 건너편,큰마을아파트 112동 건너편,큰마을아파트 112동 건너편,36.343860,127.374519,갈마동 1214,0
ST0347,상대동 목련아파트 2단지 입구,상대동 목련아파트 2단지 입구,상대동 목련아파트 2단지 입구,36.348281,127.331552,상대동 444-1,1
ST0348,부사동매표소,부사동매표소,부사동매표소,36.312285,127.436254,부사동 154-4,0
ST0349,남대전등기소 (대전지방법원),남대전등기소 (대전지방법원),남대전등기소 (대전지방법원),36.310285,127.440278,석교동 8-10,0
ST0351,석교동 스마일약국,석교동 스마일약국,석교동 스마일약국,36.306301,127.447838,석교동 87-3,1
ST0352,성모초등학교 입구 정류장,성모초등학교 입구 정류장,성모초등학교 입구 정류장,36.323238,127.418227,대흥동 525-5,1
ST0353,중구청 정문,중구청 정문,중구청 정문,36.325455,127.422024,대흥동 499-1,2
ST0354,대전성모병원 교수회관,대전성모병원 교수회관,대전성모병원 교수회관,36.323650,127.419397,대흥동 524-1,0
ST0355,대흥네거리 DS평생교육원,대흥네거리 DS평생교육원,대흥네거리 DS평생교육원,36.324779,127.429164,대흥동 161-8,0
ST0356,중촌네거리 선화동 방면,중촌네거리 선화동 방면,중촌네거리 선화동 방면,36.336832,127.416692,선화동 104-4,0
ST0357,삼성동 대전축산농협,삼성동 대전축산농협,삼성동 대전축산농협,36.340669,127.421506,삼성동 363-4,3
ST0358,선화동 현대아파트(102동),선화동 현대아파트(102동),선화동 현대아파트(102동),36.332763,127.418845,선화동 151-1,0
ST0359,선화동 김영근성형외과,선화동 김영근성형외과,선화동 김영근성형외과,36.335728,127.416890,선화동 161-1,0
ST0360,선화동 금강회관,선화동 금강회관,선화동 금강회관,36.334306,127.420776,선화동 73-5,0
ST0361,선화파출소,선화파출소,선화파출소,36.334412,127.421616,선화동 78-9,1
ST0362,둔산동 현대해상,둔산동 현대해상,둔산동 현대해상,36.352974,127.382773,둔산동 1309,0
ST0363,을지대학병원,을지대학병원,을지대학병원,36.355597,127.382751,둔산동 1306,1
ST0364,대전경찰청,대전경찰청,대전경찰청,36.353848,127.385255,둔산동 1399,1
ST0365,시교육청옆 환승지 ,시교육청옆 환승지 ,시교육청옆 환승지 ,36.352524,127.384431,둔산동 1294,0
ST0366,충남대학교 약학대학,충남대학교 약학대학,충남대학교 약학대학,36.368280,127.343517,대전광역시 유성구 궁동 220,1
ST0367,충남대학교 생명시스템과학대학,충남대학교 생명시스템과학대학,충남대학교 생명시스템과학대학,36.375907,127.343327,궁동 220,0
ST0368,충남대학교 인문대학,충남대학교 인문대학,충남대학교 인문대학,36.368768,127.341742,궁동 220,0
ST0369,충남대학교 상록회관 입구,충남대학교 상록회관 입구,충남대학교 상록회관 입구,36.369338,127.351133,대전광역시 유성구 어은동 216,1
ST0370,한밭대학교 그린에너지관,한밭대학교 그린에너지관,한밭대학교 그린에너지관,36.354511,127.302616,덕명동 16-1,0
ST0371,한밭대학교 학생생활관 목련화동,한밭대학교 학생생활관 목련화동,한밭대학교 학생생활관 목련화동,36.345701,127.304726,덕명동 16-1,0
ST0372,한밭대학교 건설공학관 입구,한밭대학교 건설공학관 입구,한밭대학교 건설공학관 입구,36.348598,127.301244,덕명동 16-1,0
ST0374,카이스트 다솜관(106),카이스트 다솜관(106),카이스트 다솜관(106),36.367903,127.356948,구성동 23,2
ST0375,카이스트 창의학습관(22),카이스트 창의학습관(22),카이스트 창의학습관(22),36.370226,127.362150,구성동 23,7
ST0376,카이스트 세종관(107),카이스트 세종관(107),카이스트 세종관(107),36.370768,127.366645,구성동 23,9
ST0377,카이스트 정문(23),카이스트 정문(23),카이스트 정문(23),36.366170,127.363896,구성동 23,20
ST0378,열매마을 4단지 입구,열매마을 4단지 입구,열매마을 4단지 입구,36.378368,127.316853,지족동 858,0
ST0379,캐피탈 타워,캐피탈 타워,캐피탈 타워,36.357870,127.387888,둔산동 922,0
ST0380,둔산동 사학연금회관,둔산동 사학연금회관,둔산동 사학연금회관,36.357874,127.389259,둔산동 929,0
ST0381,둥지아파트 정류장(110동),둥지아파트 정류장(110동),둥지아파트 정류장(110동),36.357854,127.391305,둔산동 912,1
ST0382,가람아파트(3동)(36),가람아파트(3동)(36),가람아파트(3동)(36),36.357489,127.396172,둔산동 1805,0
ST0383,수정타운아파트(13동)(37),수정타운아파트(13동)(37),수정타운아파트(13동)(37),36.357848,127.397684,둔산동 909,1
ST0384,대전시청(북문),대전시청(북문),대전시청(북문),36.351112,127.384806,둔산동 1420,0
ST0385,현대아이텔(시청역 6번출구)(19),현대아이텔(시청역 6번출구)(19),현대아이텔(시청역 6번출구)(19),36.351418,127.388051,둔산동 1455,2
ST0386,오페라웨딩홀 건너편(47),오페라웨딩홀 건너편(47),오페라웨딩홀 건너편(47),36.348453,127.382779,둔산동 1255,1
ST0387,대전광역시의회 서편,대전광역시의회 서편,대전광역시의회 서편,36.349892,127.383207,둔산동 1420,0
ST0388,탄방동 한국농어촌공사(49),탄방동 한국농어촌공사(49),탄방동 한국농어촌공사(49),36.347204,127.390034,탄방동 736,0
ST0389,탄방역 4번출구(대전종합고용지원센터)(48),탄방역 4번출구(대전종합고용지원센터)(48),탄방역 4번출구(대전종합고용지원센터)(48),36.346408,127.385243,탄방동 659,0
ST0390,국민연금서대전지사 정류장(탄방역 방면),국민연금서대전지사 정류장(탄방역 방면),국민연금서대전지사 정류장(탄방역 방면),36.346224,127.382461,대전광역시 서구 탄방동 1447-1,2
ST0391,현대자동차블루핸즈 둔산동부점,현대자동차블루핸즈 둔산동부점,현대자동차블루핸즈 둔산동부점,36.345914,127.381544,둔산동 1241,1
ST0392,한가람네거리 삼성디지털프라자,한가람네거리 삼성디지털프라자,한가람네거리 삼성디지털프라자,36.346524,127.389871,탄방동 792,1
ST0393,한가람아파트(50),한가람아파트(50),한가람아파트(50),36.346847,127.393365,탄방동 835,0
ST0394,공작한양아파트 11동,공작한양아파트 11동,공작한양아파트 11동,36.348175,127.395097,대전광역시 서구 탄방동 1447,0
ST0395,국화아파트(501동)(16),국화아파트(501동)(16),국화아파트(501동)(16),36.353971,127.395465,둔산동 1809,4
ST0396,목동더샵리슈빌 정문,목동더샵리슈빌 정문,목동더샵리슈빌 정문,36.333444,127.414730,목동 1-95,0
ST0397,목동더샵리슈빌 남측,목동더샵리슈빌 남측,목동더샵리슈빌 남측,36.331896,127.415147,목동 1-95,2
ST0398,엑스포과학공원(27),엑스포과학공원(27),엑스포과학공원(27),36.377591,127.379120,도룡동 3-1,6
ST0399,전자통신연구원(158),전자통신연구원(158),전자통신연구원(158),36.384110,127.366660,가정동 180,3
ST0400,대덕대학교(259),대덕대학교(259),대덕대학교(259),36.390204,127.362603,장동 48,0
ST0401,죽동 대원칸타빌(227),죽동 대원칸타빌(227),죽동 대원칸타빌(227),36.369165,127.333954,죽동 683,1
ST0403,온천2동 행정복지센터(232),온천2동 행정복지센터(232),온천2동 행정복지센터(232),36.364921,127.333596,장대동 40-2,0
ST0404,한진오피스텔(57),한진오피스텔(57),한진오피스텔(57),36.357899,127.342711,봉명동 607-3,0
ST0405,현충원역 3번출구(183),현충원역 3번출구(183),현충원역 3번출구(183),36.359578,127.320842,구암동 424-88,1
ST0406,홈플러스 유성점(32),홈플러스 유성점(32),홈플러스 유성점(32),36.359359,127.354231,봉명동 669,1
ST0407,둔산 하이마트(14),둔산 하이마트(14),둔산 하이마트(14),36.355470,127.379202,둔산동 962,3
ST0408,서대전역(242),서대전역(242),서대전역(242),36.322134,127.404813,오류동 170-1,1
ST0409,서대전역네거리(135),서대전역네거리(135),서대전역네거리(135),36.320736,127.405943,오류동 168-7,1
ST0410,서대전네거리역 3번출구(139),서대전네거리역 3번출구(139),서대전네거리역 3번출구(139),36.322278,127.411375,오류동 152-1,2
ST0411,중촌초등학교 건너편(157),중촌초등학교 건너편(157),중촌초등학교 건너편(157),36.340623,127.410669,중촌동 88,0
ST0412,무역전시관입구(택시승강장)(1),무역전시관입구(택시승강장)(1),무역전시관입구(택시승강장)(1),36.374363,127.387482,도룡동 3-1,9
ST0413,대전컨벤션센터(2),대전컨벤션센터(2),대전컨벤션센터(2),36.374418,127.392016,도룡동 4-19,2
ST0414,스마트시티(201동)(28),스마트시티(201동)(28),스마트시티(201동)(28),36.377890,127.390647,도룡동 4-6,1
ST0415,선사유적지공용주차장(30),선사유적지공용주차장(30),선사유적지공용주차장(30),36.361898,127.379217,월평동 243,3
ST0416,무지개아파트(173),무지개아파트(173),무지개아파트(173),36.357919,127.377163,월평동 298,2
ST0417,도로교통공단(건너편 라도무스)(261),도로교통공단(건너편 라도무스)(261),도로교통공단(건너편 라도무스)(261),36.332696,127.333147,원신흥동 578-6,0
ST0418,목원대학교 입구(108),목원대학교 입구(108),목원대학교 입구(108),36.331630,127.337940,용계동 664-4,2
ST0419,도안 양우내안애(187),도안 양우내안애(187),도안 양우내안애(187),36.343808,127.347395,원신흥동 485,0
ST0420,도안 휴먼시아 6단지(66),도안 휴먼시아 6단지(66),도안 휴먼시아 6단지(66),36.345581,127.340663,봉명동 1047-1,0
ST0421,도안 센트롤시티(65),도안 센트롤시티(65),도안 센트롤시티(65),36.348790,127.344508,봉명동 1022,0
ST0422,용정초등학교(130),용정초등학교(130),용정초등학교(130),36.454095,127.436957,대전광역시 대덕구 신탄진동 55,0
ST0423,삼정삼거리(132),삼정삼거리(132),삼정삼거리(132),36.449595,127.456612,대전광역시 대덕구 삼정동 27-4,0
ST0424,대전평생교육진흥원 본관,대전평생교육진흥원 본관,대전평생교육진흥원 본관,36.327708,127.419157,선화동 287-2,0
ST0425,둥지아파트(107동),둥지아파트(107동),둥지아파트(107동),36.358800,127.390439,대전광역시 서구 둔산동 1518,1
ST0426,샘머리아파트(209동),샘머리아파트(209동),샘머리아파트(209동),36.361040,127.390447,둔산동 1518,1
ST0427,남선공원 명성디자인기획,남선공원 명성디자인기획,남선공원 명성디자인기획,36.347244,127.397577,탄방동 1152,0
ST0428,탄방동 1333 ,탄방동 1333 ,탄방동 1333 ,36.347382,127.400373,탄방동 30,0
ST0430,초록마을 둔산점,초록마을 둔산점,초록마을 둔산점,36.351103,127.397032,둔산동 1818,1
ST0431,맘스터치 대전둔산점,맘스터치 대전둔산점,맘스터치 대전둔산점,36.350134,127.390006,둔산동 1499,1
ST0432,샘머리아파트(107동),샘머리아파트(107동),샘머리아파트(107동),36.364294,127.390451,대전광역시 서구 둔산동 1518,0
ST0433,둔산동 하이투자증권,둔산동 하이투자증권,둔산동 하이투자증권,36.352483,127.390068,둔산동 1506,1
ST0434,메트로펠리스오피스텔,메트로펠리스오피스텔,메트로펠리스오피스텔,36.352522,127.386933,둔산동 1547,0
ST0435,더캐피탈웨딩,더캐피탈웨딩,더캐피탈웨딩,36.358252,127.386982,둔산동 921,0
ST0437,대전가정법원 입구,대전가정법원 입구,대전가정법원 입구,36.352751,127.386565,둔산동 1474,0
ST0438,시청역 1번출구,시청역 1번출구,시청역 1번출구,36.350719,127.386540,대전광역시 서구 둔산동 1420,0
ST0439,시청역 6번출구,시청역 6번출구,시청역 6번출구,36.351423,127.387039,대전광역시 서구 둔산동 1548,0
ST0440,시청역 4번출구,시청역 4번출구,시청역 4번출구,36.351520,127.386521,대전광역시 서구 둔산동 1408-1,0
ST0442,수정타운아파트 상가,수정타운아파트 상가,수정타운아파트 상가,36.359179,127.395393,둔산동 909,0
ST0443,둔산동 2116 공원,둔산동 2116 공원,둔산동 2116 공원,36.349157,127.398659,둔산동 2116,0
ST0444,둔산테크노(월평주공3단지 뒤편),둔산테크노(월평주공3단지 뒤편),둔산테크노(월평주공3단지 뒤편),36.364732,127.374154,월평동 1501,1
ST0445,황실타운 상가,황실타운 상가,황실타운 상가,36.359912,127.371860,월평동 302,0
ST0446,월평동 미래빌딩,월평동 미래빌딩,월평동 미래빌딩,36.360274,127.376789,월평동 271,10
ST0447,만년동 공영주차장,만년동 공영주차장,만년동 공영주차장,36.366298,127.372605,만년동 74,0
ST0448,서구 만년동 10(만년고 뒤편),서구 만년동 10(만년고 뒤편),서구 만년동 10(만년고 뒤편),36.367263,127.372333,만년동 10,0
ST0449,만년동 초원아파트105동 육교 밑,만년동 초원아파트105동 육교 밑,만년동 초원아파트105동 육교 밑,36.368247,127.379332,만년동 401,0
ST0451,만년동 크리스탈웨딩홀,만년동 크리스탈웨딩홀,만년동 크리스탈웨딩홀,36.369271,127.381306,만년동 305,1
ST0452,만년동 빽다방,만년동 빽다방,만년동 빽다방,36.368537,127.382520,만년동 390,0
ST0453,만년동 엑스포오피스텔,만년동 엑스포오피스텔,만년동 엑스포오피스텔,36.367285,127.382452,만년동 384,4
ST0454,만년동 까페베네,만년동 까페베네,만년동 까페베네,36.366118,127.382011,만년동 25,5
ST0455,만년동 왕가한정식,만년동 왕가한정식,만년동 왕가한정식,36.365834,127.381235,만년동 361,4
ST0456,둔산경찰서(대덕대로),둔산경찰서(대덕대로),둔산경찰서(대덕대로),36.358615,127.379730,둔산동 943,0
ST0457,중촌동 115-5번지(대전천서로),중촌동 115-5번지(대전천서로),중촌동 115-5번지(대전천서로),36.339571,127.413904,중촌동 8-1,0
ST0459,목동 올리브힐 정문,목동 올리브힐 정문,목동 올리브힐 정문,36.336824,127.406181,대전광역시 중구 목동 362,0
ST0461,탄방동 공영주차장,탄방동 공영주차장,탄방동 공영주차장,36.345683,127.399695,탄방동 1380,2
ST0462,봉명동 투유아파트 1차,봉명동 투유아파트 1차,봉명동 투유아파트 1차,36.355963,127.351460,대전광역시 유성구 봉명동 693,1
ST0463,도미노피자 대전도안점,도미노피자 대전도안점,도미노피자 대전도안점,36.307266,127.352055,가수원동 229-5,0
ST0464,올리브영 대전가수원점,올리브영 대전가수원점,올리브영 대전가수원점,36.304983,127.351179,가수원동 446-25,1
ST0465,도안동 엠케이빌딩(국수나무),도안동 엠케이빌딩(국수나무),도안동 엠케이빌딩(국수나무),36.304612,127.349871,가수원동 1050,1
ST0466,둔산 SK브로드밴드,둔산 SK브로드밴드,둔산 SK브로드밴드,36.351133,127.380637,둔산동 1539,0
ST0467,은하수아파트(102동),은하수아파트(102동),은하수아파트(102동),36.348739,127.380121,대전광역시 서구 둔산동 1538,0
ST0468,덕명동 S-OIL 건너편,덕명동 S-OIL 건너편,덕명동 S-OIL 건너편,36.347763,127.299878,덕명동 597-14,2
ST0469,성하타운,성하타운,성하타운,36.441003,127.430795,신탄진동 248-5,0
ST0470,신탄진초등학교 뒤편,신탄진초등학교 뒤편,신탄진초등학교 뒤편,36.449555,127.421339,석봉동 308-7,0
ST0471,석봉어린이공원,석봉어린이공원,석봉어린이공원,36.449405,127.427514,석봉동 718-2,0
ST0472,도룡동 LG대전어린이집,도룡동 LG대전어린이집,도룡동 LG대전어린이집,36.385872,127.376789,도룡동 386-1,3
ST0473,자운동 농부의갈비,자운동 농부의갈비,자운동 농부의갈비,36.395450,127.352050,자운동 572,2
ST0474,구봉마을 9단지(904동),구봉마을 9단지(904동),구봉마을 9단지(904동),36.296097,127.331440,관저동 1155,0
ST0475,구봉마을 8단지(805동),구봉마을 8단지(805동),구봉마을 8단지(805동),36.296389,127.331400,관저동 1148,0
ST0477,대화동 대전병원(GS25),대화동 대전병원(GS25),대화동 대전병원(GS25),36.362747,127.417977,대전광역시 대덕구 오정동 10-102,0
ST0478,대화동 두리웨딩홀,대화동 두리웨딩홀,대화동 두리웨딩홀,36.367275,127.419301,대화동 16-12,1
ST0479,대화동 만민어린이집,대화동 만민어린이집,대화동 만민어린이집,36.367763,127.416405,대화동 37-1,0
ST0480,대화동 오광무지개아파트 3가,대화동 오광무지개아파트 3가,대화동 오광무지개아파트 3가,36.364560,127.410347,대화동 251-5(국),2
ST0481,대화동 대화아파트 건너편,대화동 대화아파트 건너편,대화동 대화아파트 건너편,36.367829,127.414137,대화동 1-30,1
ST0482,구암역 3번출구,구암역 3번출구,구암역 3번출구,36.356438,127.331084,구암동 96-3,1
ST0483,구암동 신성빌라,구암동 신성빌라,구암동 신성빌라,36.356485,127.331782,구암동 585-13,0
ST0484,장대노인회관,장대노인회관,장대노인회관,36.359474,127.333415,장대동 269-11,1
ST0485,장대동 동자산어린이공원,장대동 동자산어린이공원,장대동 동자산어린이공원,36.360824,127.333690,장대동 480,1
ST0486,장대동 공영주차장,장대동 공영주차장,장대동 공영주차장,36.359612,127.331944,장대동 263-4,0
ST0487,장대공원,장대공원,장대공원,36.358465,127.337364,장대동 283-5,1
ST0488,장대경로당,장대경로당,장대경로당,36.358896,127.335469,장대동 279-4,0
ST0489,문화동 충청남도과학직업교육원,문화동 충청남도과학직업교육원,문화동 충청남도과학직업교육원,36.314167,127.411108,문화동 271,0
ST0490,문화동 천근어린이공원,문화동 천근어린이공원,문화동 천근어린이공원,36.311091,127.402304,문화동 458-14,0
ST0491,산성시장 입구,산성시장 입구,산성시장 입구,36.306379,127.386902,산성동 284-1,0
ST0492,산성동 원대어린이공원,산성동 원대어린이공원,산성동 원대어린이공원,36.305510,127.385061,산성동 118-7,0
ST0493,산성동 한밭가든아파트 입구,산성동 한밭가든아파트 입구,산성동 한밭가든아파트 입구,36.304591,127.384397,산성동 119-1,0
ST0494,산성동 한밭가든아파트(103동),산성동 한밭가든아파트(103동),산성동 한밭가든아파트(103동),36.306554,127.384080,산성동 119-1,0
ST0495,산성네거리 김밥친구 건너편,산성네거리 김밥친구 건너편,산성네거리 김밥친구 건너편,36.302865,127.386362,산성동 산10,0
ST0496,산성네거리 김밥친구,산성네거리 김밥친구,산성네거리 김밥친구,36.303070,127.386083,산성동 125-6,2
ST0497,산성동 멋티어린이공원,산성동 멋티어린이공원,산성동 멋티어린이공원,36.303748,127.384246,산성동 122-14,0
ST0498,산성동 으뜸마을,산성동 으뜸마을,산성동 으뜸마을,36.301882,127.388819,산성동 276-10,0
ST0499,산성동 도림빌라,산성동 도림빌라,산성동 도림빌라,36.301836,127.387322,산성동 274-13,0
ST0500,안영동 제3노외 주차장 공원,안영동 제3노외 주차장 공원,안영동 제3노외 주차장 공원,36.290177,127.379514,안영동 664,0
ST0501,사정동 성산마을110동(김밥친구),사정동 성산마을110동(김밥친구),사정동 성산마을110동(김밥친구),36.295702,127.383293,사정동 487,1
ST0502,사정동 한솔빌라,사정동 한솔빌라,사정동 한솔빌라,36.294339,127.389430,사정동 605,0
ST0503,산성주민복지관,산성주민복지관,산성주민복지관,36.304326,127.383535,산성동 120-4,1
ST0504,문화동 삼성푸른아파트(101동),문화동 삼성푸른아파트(101동),문화동 삼성푸른아파트(101동),36.308759,127.396892,문화동 777,0
ST0505,문화동 주공3단지아파트(302동),문화동 주공3단지아파트(302동),문화동 주공3단지아파트(302동),36.310234,127.399399,문화동 757,0
ST0506,문화동 센트럴파크(105동),문화동 센트럴파크(105동),문화동 센트럴파크(105동),36.316070,127.407346,문화동 284-166,0
ST0507,문화동 훼미리맨션(A동),문화동 훼미리맨션(A동),문화동 훼미리맨션(A동),36.317554,127.406964,문화동 311-60,0
ST0508,문화동 삼익아파트 건너편(3동),문화동 삼익아파트 건너편(3동),문화동 삼익아파트 건너편(3동),36.319427,127.406166,문화동 311-12,0
ST0509,문화동 세이백화점,문화동 세이백화점,문화동 세이백화점,36.321189,127.408707,문화동 1-16,4
ST0511,서대전역 4번출구,서대전역 4번출구,서대전역 4번출구,36.322718,127.411924,대전광역시 중구 오류동 195,0
ST0512,서대전역 5번출구,서대전역 5번출구,서대전역 5번출구,36.322967,127.412130,대전광역시 중구 용두동 155,0
ST0513,서대전역 7번출구,서대전역 7번출구,서대전역 7번출구,36.322234,127.413078,대전광역시 중구 문화동 1-18,0
ST0514,센트럴파크 아파트 3단지(302동)(137),센트럴파크 아파트 3단지(302동)(137),센트럴파크 아파트 3단지(302동)(137),36.318144,127.411850,대전광역시 중구 문화동 1-256,0
ST0515,문화동 하우스토리 2차,문화동 하우스토리 2차,문화동 하우스토리 2차,36.320105,127.414037,문화동 1-31,1
ST0516,문화동 하우스토리 1차,문화동 하우스토리 1차,문화동 하우스토리 1차,36.320166,127.415835,대사동 248-222,1
ST0517,대흥동 성사진관,대흥동 성사진관,대흥동 성사진관,36.319981,127.420017,대흥동 300-4,1
ST0518,충남대학교 의생명융합연구센터,충남대학교 의생명융합연구센터,충남대학교 의생명융합연구센터,36.317411,127.413219,문화동 6,0
ST0519,문화동 센트럴파크 3단지(307동),문화동 센트럴파크 3단지(307동),문화동 센트럴파크 3단지(307동),36.317873,127.413673,문화동 1-3,0
ST0520,문화동 센트럴파크 2단지(209동),문화동 센트럴파크 2단지(209동),문화동 센트럴파크 2단지(209동),36.316509,127.409984,문화동 1-253,0
ST0521,문화동 BMK컨벤션,문화동 BMK컨벤션,문화동 BMK컨벤션,36.320017,127.404395,문화동 316-25,1
ST0522,문화1동 행정복지센터,문화1동 행정복지센터,문화1동 행정복지센터,36.315235,127.406430,문화동 284-169,0
ST0523,태평동 푸른뫼아파트 버스정류장(곰바우식당),태평동 푸른뫼아파트 버스정류장(곰바우식당),태평동 푸른뫼아파트 버스정류장(곰바우식당),36.328537,127.398862,태평동 339-31,0
ST0524,태평동 한국정형외과 ,태평동 한국정형외과 ,태평동 한국정형외과 ,36.327252,127.399672,태평동 258-8,0
ST0525,태평동 유등마을(112동),태평동 유등마을(112동),태평동 유등마을(112동),36.330758,127.398262,태평동 254-4,0
ST0527,태평중학교 버스정류장,태평중학교 버스정류장,태평중학교 버스정류장,36.329639,127.396745,태평동 343-3,1
ST0528,태평동 호암컨벤션,태평동 호암컨벤션,태평동 호암컨벤션,36.329596,127.396400,태평동 365-2,0
ST0529,태평동 어린이공원,태평동 어린이공원,태평동 어린이공원,36.328695,127.393671,태평동 368,0
ST0531,태평동 행정복지센터,태평동 행정복지센터,태평동 행정복지센터,36.326136,127.396989,태평동 331-34,0
ST0532,산성동 원마트,산성동 원마트,산성동 원마트,36.310933,127.391875,산성동 134-33,0
ST0533,산성동 한소망교회,산성동 한소망교회,산성동 한소망교회,36.310262,127.390290,산성동 132-3,0
ST0534,산성동 당대어린이공원,산성동 당대어린이공원,산성동 당대어린이공원,36.308753,127.391481,산성동 36-2,1
ST0535,산성동 당디숯불갈비,산성동 당디숯불갈비,산성동 당디숯불갈비,36.310054,127.388576,산성동 144-9,0
ST0536,유천동 버드내공원,유천동 버드내공원,유천동 버드내공원,36.312883,127.395984,유천동 275-5,1
ST0537,충남대학병원 동문 버스정류장,충남대학병원 동문 버스정류장,충남대학병원 동문 버스정류장,36.317438,127.417701,대사동 640,1
ST0538,용두동 희영빌딩,용두동 희영빌딩,용두동 희영빌딩,36.326642,127.407761,용두동 32-3,0
ST0539,용두동 정담치과,용두동 정담치과,용두동 정담치과,36.322994,127.415387,용두동 12-1,0
ST0540,문화동 센트럴스타클래스,문화동 센트럴스타클래스,문화동 센트럴스타클래스,36.322622,127.415101,문화동 1-9,1
ST0541,대흥오거리 피자2001,대흥오거리 피자2001,대흥오거리 피자2001,36.322846,127.422736,대흥동 508-88,0
ST0542,대흥동 드림시티,대흥동 드림시티,대흥동 드림시티,36.324053,127.426964,대흥동 437,0
ST0543,대흥동 YWCA ,대흥동 YWCA ,대흥동 YWCA ,36.323623,127.426457,대흥동 445-1,0
ST0545,대흥동 원예농협,대흥동 원예농협,대흥동 원예농협,36.321892,127.429644,대흥동 40-10,1
ST0546,대흥동 자이아파트 2단지 공원,대흥동 자이아파트 2단지 공원,대흥동 자이아파트 2단지 공원,36.320888,127.427149,대흥동 914,0
ST0547,대사동 느티나무 보호수,대사동 느티나무 보호수,대사동 느티나무 보호수,36.317786,127.425913,대사동 104-8,0
ST0548,대전중학교 건너편(보문오거리 방면),대전중학교 건너편(보문오거리 방면),대전중학교 건너편(보문오거리 방면),36.320298,127.424093,대흥동 330-18,0
ST0549,대흥동 동네방네식당,대흥동 동네방네식당,대흥동 동네방네식당,36.319064,127.425097,대흥동 336-20,0
ST0550,대흥동 대전시 노인복지관,대흥동 대전시 노인복지관,대흥동 대전시 노인복지관,36.320702,127.420424,대흥동 297-5,0
ST0551,대흥동 세광교회,대흥동 세광교회,대흥동 세광교회,36.319166,127.424723,대흥동 334-1,0
ST0552,보문산 진입로 주차장,보문산 진입로 주차장,보문산 진입로 주차장,36.315025,127.424340,대사동 145-1,0
ST0553,부사동 우체국,부사동 우체국,부사동 우체국,36.318666,127.431882,부사동 94-40,0
ST0554,문창동 행정복지센터,문창동 행정복지센터,문창동 행정복지센터,36.316141,127.437690,문창동 116-15,0
ST0555,안골네거리 다이소,안골네거리 다이소,안골네거리 다이소,36.334292,127.371311,내동 160-19,0
ST0556,내동 장난감할인마트,내동 장난감할인마트,내동 장난감할인마트,36.334194,127.369250,내동 155-9,0
ST0557,변동 평화어린이공원,변동 평화어린이공원,변동 평화어린이공원,36.330216,127.368221,변동 254-364,0
ST0558,변동 목운어린이공원,변동 목운어린이공원,변동 목운어린이공원,36.331798,127.368775,변동 254-182,1
ST0559,변동 시온성교회,변동 시온성교회,변동 시온성교회,36.327971,127.370374,변동 252-116,0
ST0560,변동 수정재,변동 수정재,변동 수정재,36.329611,127.370752,변동 250,0
ST0561,도마동 대아아파트(104동),도마동 대아아파트(104동),도마동 대아아파트(104동),36.325565,127.370232,도마동 409-9,0
ST0562,서대전여고 목운주택입구 방면 정류장,서대전여고 목운주택입구 방면 정류장,서대전여고 목운주택입구 방면 정류장,36.326690,127.370918,도마동 14-21,0
ST0563,도마동 경남아파트(102동),도마동 경남아파트(102동),도마동 경남아파트(102동),36.321550,127.370012,도마동 211,0
ST0564,도마동 정철어학원,도마동 정철어학원,도마동 정철어학원,36.323368,127.370419,도마동 25-2,0
ST0565,도마동 경남아파트 2단지(106동),도마동 경남아파트 2단지(106동),도마동 경남아파트 2단지(106동),36.322433,127.368590,도마동 211,0
ST0566,도마동 경남아파트 2단지(112동),도마동 경남아파트 2단지(112동),도마동 경남아파트 2단지(112동),36.322638,127.368466,도마동 193,0
ST0568,도마동 경남아파트 1단지(3동),도마동 경남아파트 1단지(3동),도마동 경남아파트 1단지(3동),36.320815,127.370582,도마동 205,0
ST0569,도마동 경남아파트 2단지(113동),도마동 경남아파트 2단지(113동),도마동 경남아파트 2단지(113동),36.320684,127.370318,도마동 214,0
ST0570,도마동 공굴안 정류장(복음양지아파트 방면),도마동 공굴안 정류장(복음양지아파트 방면),도마동 공굴안 정류장(복음양지아파트 방면),36.313298,127.369122,도마동 317-548,2
ST0571,대전운전면허시험장,대전운전면허시험장,대전운전면허시험장,36.286054,127.462647,대별동 364-2,0
ST0572,대성동 대별교 SK남대전IC충전소,대성동 대별교 SK남대전IC충전소,대성동 대별교 SK남대전IC충전소,36.290143,127.463398,대성동 266,0
ST0573,은어송코오롱하늘채2차아파트 103동,은어송코오롱하늘채2차아파트 103동,은어송코오롱하늘채2차아파트 103동,36.298454,127.458833,대성동 420,0
ST0574,가오동 오토카센타,가오동 오토카센타,가오동 오토카센타,36.303655,127.454675,가오동 372-3,0
ST0575,가오동 킹스 불가마사우나,가오동 킹스 불가마사우나,가오동 킹스 불가마사우나,36.309410,127.455016,가오동 116,0
ST0576,가오고등학교 건너편,가오고등학교 건너편,가오고등학교 건너편,36.310242,127.455518,가오동 472,0
ST0577,동구청,동구청,동구청,36.311298,127.455380,가오동 425,2
ST0578,은어송마을 6단지(602동),은어송마을 6단지(602동),은어송마을 6단지(602동),36.310186,127.456731,가오동 497,0
ST0579,가오30호 어린이공원,가오30호 어린이공원,가오30호 어린이공원,36.310788,127.456258,가오동 473,0
ST0580,은어송마을 3단지 상가,은어송마을 3단지 상가,은어송마을 3단지 상가,36.310467,127.459805,가오동 496,0
ST0581,은어송마을 5단지 우미린 입구,은어송마을 5단지 우미린 입구,은어송마을 5단지 우미린 입구,36.308510,127.459239,가오동 556,0
ST0582,가오동 신한은행(99),가오동 신한은행(99),가오동 신한은행(99),36.306366,127.457102,가오동 644,0
ST0583,KB국민은행 가오동지점,KB국민은행 가오동지점,KB국민은행 가오동지점,36.307130,127.456281,가오동 604,0
ST0584,은어송네거리 국민은행 건너편,은어송네거리 국민은행 건너편,은어송네거리 국민은행 건너편,36.307283,127.456628,가오동 549,0
ST0585,은어송마을입구(98),은어송마을입구(98),은어송마을입구(98),36.305539,127.454574,가오동 619,2
ST0586,가오동 엔제리너스,가오동 엔제리너스,가오동 엔제리너스,36.305386,127.454794,가오동 663,0
ST0587,천동주공아파트(7동),천동주공아파트(7동),천동주공아파트(7동),36.309428,127.449306,천동 507-21,0
ST0588,천동주공아파트 정류장(14동),천동주공아파트 정류장(14동),천동주공아파트 정류장(14동),36.308087,127.450618,가오동 398-15,1
ST0589,가오동 도원빌라,가오동 도원빌라,가오동 도원빌라,36.309749,127.452955,가오동 136-1,0
ST0590,낭월동 석천들아파트(101동),낭월동 석천들아파트(101동),낭월동 석천들아파트(101동),36.276395,127.468364,낭월동 611,0
ST0591,낭월동 석천들아파트 건너편(112동),낭월동 석천들아파트 건너편(112동),낭월동 석천들아파트 건너편(112동),36.276448,127.467080,낭월동 738,0
ST0592,낭월동 옥토끼 어린이공원,낭월동 옥토끼 어린이공원,낭월동 옥토끼 어린이공원,36.275480,127.467179,낭월동 810,0
ST0593,낭월동 향기나무어린이집 공원,낭월동 향기나무어린이집 공원,낭월동 향기나무어린이집 공원,36.279226,127.467064,낭월동 574,0
ST0594,낭월3호어린이공원,낭월3호어린이공원,낭월3호어린이공원,36.281904,127.466440,낭월동 362,0
ST0595,대성동 현대무역 정류장,대성동 현대무역 정류장,대성동 현대무역 정류장,36.296016,127.459778,대성동 188-2,0
ST0596,대성동삼거리 옥계교방면 정류장,대성동삼거리 옥계교방면 정류장,대성동삼거리 옥계교방면 정류장,36.296466,127.459345,대성동 193-2,0
ST0597,옥계동 새마을금고(248),옥계동 새마을금고(248),옥계동 새마을금고(248),36.298918,127.454274,옥계동 46-15,0
ST0598,호동우체국 건너편(194),호동우체국 건너편(194),호동우체국 건너편(194),36.304743,127.449282,호동 19-5,0
ST0599,석교동 행정복지센터(193),석교동 행정복지센터(193),석교동 행정복지센터(193),36.309786,127.442032,대전광역시 중구 석교동 12-7,0
ST0600,중촌네거리(목동우체국 방면)(156),중촌네거리(목동우체국 방면)(156),중촌네거리(목동우체국 방면)(156),36.335998,127.414944,중촌동 398-3,2
ST0601,대전동부경찰서,대전동부경찰서,대전동부경찰서,36.322447,127.441701,인동 353,0
ST0602,대전동부경찰서 건너편,대전동부경찰서 건너편,대전동부경찰서 건너편,36.322629,127.441471,신인동 147-29,1
ST0603,판암동 미리내아파트(94),판암동 미리내아파트(94),판암동 미리내아파트(94),36.316857,127.454767,판암동 436-4,0
ST0604,판암역 2번출구,판암역 2번출구,판암역 2번출구,36.316709,127.458225,판암동 314,0
ST0605,은어송마을4단지(101),은어송마을4단지(101),은어송마을4단지(101),36.310099,127.461413,가오동 555,0
ST0606,용운국제수영장(255),용운국제수영장(255),용운국제수영장(255),36.324775,127.465210,용운동 392-2,0
ST0607,용운동 e편한세상 에코포레(114동),용운동 e편한세상 에코포레(114동),용운동 e편한세상 에코포레(114동),36.326879,127.464931,용운동 783,0
ST0608,용운동 e편한세상 에코포레 상가,용운동 e편한세상 에코포레 상가,용운동 e편한세상 에코포레 상가,36.327781,127.462087,용운동 783,0
ST0609,용운동 e편한세상 에코포레(101동),용운동 e편한세상 에코포레(101동),용운동 e편한세상 에코포레(101동),36.330637,127.463502,용운동 784,0
ST0610,용운동 선암어린이공원,용운동 선암어린이공원,용운동 선암어린이공원,36.325917,127.460065,용운동 377-7,0
ST0611,대전대 입구 용운119안전센터 ,대전대 입구 용운119안전센터 ,대전대 입구 용운119안전센터 ,36.331090,127.461373,용운동 174-18,0
ST0613,판암동 주공4차아파트(413동),판암동 주공4차아파트(413동),판암동 주공4차아파트(413동),36.322175,127.460763,판암동 242,1
ST0615,용운종합사회복지관 맞은편,용운종합사회복지관,용운종합사회복지관,36.327910,127.454363,용운동 459,0
ST0616,용운동 용방마을(315동),용운동 용방마을(315동),용운동 용방마을(315동),36.326776,127.450476,용운동 460,0
ST0617,용운동 기쁨음악학원 정류장,용운동 기쁨음악학원 정류장,용운동 기쁨음악학원 정류장,36.327180,127.449978,용운동 492-5,1
ST0618,대동 펜타뷰(107동),대동 펜타뷰(107동),대동 펜타뷰(107동),36.327838,127.446551,대동 535,0
ST0619,용운동 용수골장작불가마 정류장,용운동 용수골장작불가마 정류장,용운동 용수골장작불가마 정류장,36.333754,127.455555,용운동 712,0
ST0620,용운동 빅하우스 빌라 정류장,용운동 빅하우스 빌라 정류장,용운동 빅하우스 빌라 정류장,36.337688,127.457219,용운동 590,0
ST0621,용운동 연광사 건너편 정류장,용운동 연광사 건너편 정류장,용운동 연광사 건너편 정류장,36.332882,127.453455,용운동 726,0
ST0622,용운동 모닝빌(A동),용운동 모닝빌(A동),용운동 모닝빌(A동),36.331233,127.454531,용운동 691-1,0
ST0623,우송대 서문 건너편(244),우송대 서문 건너편(244),우송대 서문 건너편(244),36.338902,127.445039,가양동 308-9,0
ST0624,성남동 휴먼시아 스마트빌 정류장(104동),성남동 휴먼시아 스마트빌 정류장(104동),성남동 휴먼시아 스마트빌 정류장(104동),36.343690,127.433993,성남동 528,0
ST0625,성남동 스마트뷰(110동),성남동 스마트뷰(110동),성남동 스마트뷰(110동),36.341915,127.433000,성남동 528,0
ST0626,삼성동 주공삼성타운(201동),삼성동 주공삼성타운(201동),삼성동 주공삼성타운(201동),36.341109,127.431927,삼성동 481,1
ST0627,대전역 동광장 버스정류장,대전역 동광장 버스정류장,대전역 동광장 버스정류장,36.333797,127.437407,소제동 299-648,7
ST0628,신안동 대전화병원(베스티안 화상병원),신안동 대전화병원(베스티안 화상병원),신안동 대전화병원(베스티안 화상병원),36.328635,127.439549,신안동 293-1,0
ST0629,천동초등학교(천동휴먼시아 방면) 정류장,천동초등학교(천동휴먼시아 방면) 정류장,천동초등학교(천동휴먼시아 방면) 정류장,36.315852,127.444459,천동 209-2,1
ST0630,천동 휴먼시아2단지아파트 103동,천동 휴먼시아2단지아파트 103동,천동 휴먼시아2단지아파트 103동,36.313949,127.445733,천동 528,0
ST0632,효동 현대아파트 상가,효동 현대아파트 상가,효동 현대아파트 상가,36.318280,127.442156,효동 135-18,0
ST0633,효동 현대아파트(104동),효동 현대아파트(104동),효동 현대아파트(104동),36.318002,127.439617,효동 135-1,3
ST0634,인동 현대아파트(104동),인동 현대아파트(104동),인동 현대아파트(104동),36.319666,127.438916,인동 179-1,1
ST0636,인동네거리 일육우드,인동네거리 일육우드,인동네거리 일육우드,36.321705,127.438225,인동 113-2,0
ST0638,인동 하나은행,인동 하나은행,인동 하나은행,36.321993,127.437513,인동 40-4,0
ST0639,원동네거리 요양병원,원동네거리 요양병원,원동네거리 요양병원,36.326460,127.435608,인동 6-1,0
ST0640,인동 참좋은아파트 정류장,인동 참좋은아파트 정류장,인동 참좋은아파트 정류장,36.323523,127.437069,인동 18-1,0
ST0641,원동 중앙프라자 정류장,원동 중앙프라자 정류장,원동 중앙프라자 정류장,36.328334,127.434065,원동 48-1,0
ST0642,정동 하나은행 건너편,정동 하나은행 건너편,정동 하나은행 건너편,36.334298,127.431441,정동 2-1,1
ST0643,문지동 국립문화재연구원,문지동 국립문화재연구원,문지동 국립문화재연구원,36.390565,127.392119,문지동 472,2
ST0644,삼성동 한밭자이아파트 정문 건너편,삼성동 한밭자이아파트 정문 건너편,삼성동 한밭자이아파트 정문 건너편,36.341018,127.425788,삼성동 304-12,1
ST0645,삼성신협 본점,삼성신협 본점,삼성신협 본점,36.340170,127.426522,삼성동 306-1,1
ST0646,삼성네거리(한밭자이아파트 방면) 정류장,삼성네거리(한밭자이아파트 방면) 정류장,삼성네거리(한밭자이아파트 방면) 정류장,36.338717,127.429027,삼성동 457,0
ST0647,대전보건대(225),대전보건대(225),대전보건대(225),36.349253,127.451694,가양동 88-1,0
ST0648,가양2동 행정복지센터 건너편(236),가양2동 행정복지센터 건너편(236),가양2동 행정복지센터 건너편(236),36.349025,127.448029,가양동 55-3,0
ST0649,명석고네거리 원한의원 정류장,명석고네거리 원한의원 정류장,명석고네거리 원한의원 정류장,36.354318,127.454254,가양동 47-63,0
ST0650,비래동 제1공영주차장,비래동 제1공영주차장,비래동 제1공영주차장,36.354477,127.453147,비래동 143-7,0
ST0651,비래동 산림조합(비래휴플러스아파트 104동)(185),비래동 산림조합(비래휴플러스아파트 104동)(185),비래동 산림조합(비래휴플러스아파트 104동)(185),36.355158,127.445896,비래동 509-1,0
ST0652,비래동 삼호아파트 정류장(1동),비래동 삼호아파트 정류장(1동),비래동 삼호아파트 정류장(1동),36.354440,127.447812,비래동 124-1,0
ST0653,비래동 금성백조 1차 입구 정류장,비래동 금성백조 1차 입구 정류장,비래동 금성백조 1차 입구 정류장,36.356287,127.454745,비래동 149-23,0
ST0655,비래동 금성백조 2차(103동),비래동 금성백조 2차(103동),비래동 금성백조 2차(103동),36.357743,127.451331,비래동 136-1,0
ST0656,비래동 비래프라자,비래동 비래프라자,비래동 비래프라자,36.354552,127.449529,비래동 140-7,1
ST0657,용전동 종근당빌딩,용전동 종근당빌딩,용전동 종근당빌딩,36.353404,127.439664,용전동 21-3,0
ST0658,용전동 LG전자 동대전서비스센터,용전동 LG전자 동대전서비스센터,용전동 LG전자 동대전서비스센터,36.355014,127.437729,용전동 20-1,0
ST0659,한전 대전세종충남지역본부 입구 정류장,한전 대전세종충남지역본부 입구 정류장,한전 대전세종충남지역본부 입구 정류장,36.357675,127.434544,용전동 12-9,0
ST0660,용전초등학교 입구 정류장,용전초등학교 입구 정류장,용전초등학교 입구 정류장,36.355568,127.432564,용전동 42-13,0
ST0661,용전동우체국,용전동우체국,용전동우체국,36.354710,127.432884,용전동 123-8,0
ST0662,용전노인정,용전노인정,용전노인정,36.351448,127.433624,용전동 132-3,0
ST0663,홍도동 시영아파트 2동 정류장,홍도동 시영아파트 2동 정류장,홍도동 시영아파트 2동 정류장,36.345421,127.421516,홍도동 135-1,0
ST0664,홍도동 시영아파트 1동 건너편 정류장,홍도동 시영아파트 1동 건너편 정류장,홍도동 시영아파트 1동 건너편 정류장,36.345572,127.422128,홍도동 140-14,0
ST0665,오정동 오정신용협동조합,오정동 오정신용협동조합,오정동 오정신용협동조합,36.348127,127.415345,오정동 372-4,2
ST0666,가양동 대주파크빌 정류장(102동),가양동 대주파크빌 정류장(102동),가양동 대주파크빌 정류장(102동),36.342924,127.447830,가양동 652-1,0
ST0667,가양요양병원 정류장,가양요양병원 정류장,가양요양병원 정류장,36.346095,127.446903,가양동 391-8,0
ST0668,가양네거리 현대자동차 대전서비스센터,가양네거리 현대자동차 대전서비스센터,가양네거리 현대자동차 대전서비스센터,36.344740,127.446127,가양동 411-1,0
ST0669,가양네거리 양반고을,가양네거리 양반고을,가양네거리 양반고을,36.345570,127.446389,가양동 402-2,0
ST0670,동부터미널 건너편 선샤인 호텔 웨딩홀,동부터미널 건너편 선샤인 호텔 웨딩홀,동부터미널 건너편 선샤인 호텔 웨딩홀,36.349275,127.437782,대전광역시 동구 가양동 636,0
ST0671,가양1동 행정복지센터,가양1동 행정복지센터,가양1동 행정복지센터,36.346923,127.441359,가양동 432-9,2
ST0672,가양동 아침마을(116동),가양동 아침마을(116동),가양동 아침마을(116동),36.340707,127.441737,가양동 705,0
ST0673,가양동 아침마을 건너편(116동),가양동 아침마을 건너편(116동),가양동 아침마을 건너편(116동),36.339958,127.441340,가양동 592-17,0
ST0674,동구국민체육센터 건너편,동구국민체육센터 건너편,동구국민체육센터 건너편,36.339091,127.438947,가양동 588-8,0
ST0675,신흥역 2번출구,신흥역 2번출구,신흥역 2번출구,36.319737,127.447964,판암동 609-7,1
ST0676,신흥역 1번출구,신흥역 1번출구,신흥역 1번출구,36.319294,127.448996,판암동 609-7,0
ST0677,신흥역 4번출구,신흥역 4번출구,신흥역 4번출구,36.319865,127.448917,판암동 596-15,0
ST0678,가양동 와와툴코리아,가양동 와와툴코리아,가양동 와와툴코리아,36.348707,127.443426,가양동 429-4,0
ST0679,가양도서관 버스정류장,가양도서관 버스정류장,가양도서관 버스정류장,36.348545,127.444001,가양동 422-7,0
ST0680,대전여자상업고등학교 정류장,대전여자상업고등학교 정류장,대전여자상업고등학교 정류장,36.332995,127.420758,선화동 79-1,0
ST0681,선화동 대전상호저축은행,선화동 대전상호저축은행,선화동 대전상호저축은행,36.330542,127.423302,선화동 12-3,0
ST0682,농협중앙회 대전본부,농협중앙회  대전본부,농협중앙회 대전본부,36.327610,127.422466,선화동 227,0
ST0683,중구청 건너편 정류장,중구청 건너편 정류장,중구청 건너편 정류장,36.325096,127.422422,대흥동 467-1,1
ST0684,대흥동 우체국,대흥동 우체국,대흥동 우체국,36.325408,127.431979,대흥동 103-1,1
ST0685,대흥동 이안과병원 정류장,대흥동 이안과병원 정류장,대흥동 이안과병원 정류장,36.326057,127.427569,대흥동 156-2,2
ST0686,오룡역 1번출구,오룡역 1번출구,오룡역 1번출구,36.328108,127.405279,오류동 187-4,2
ST0687,용문역 1번출구,용문역 1번출구,용문역 1번출구,36.337799,127.393557,용문동 257-2,0
ST0689,탄방역 5번출구,탄방역 5번출구,탄방역 5번출구,36.344964,127.385206,탄방동 666,0
ST0690,탄방역 1번출구,탄방역 1번출구,탄방역 1번출구,36.345282,127.384469,탄방동 652,0
ST0691,탄방역 3번출구,탄방역 3번출구,탄방역 3번출구,36.345641,127.384818,탄방동 1453,0
ST0692,수통골삼거리 공영주차장,수통골삼거리 공영주차장,수통골삼거리 공영주차장,36.347516,127.296977,덕명동 595,0
ST0693,계산동 오투그란데 리빙포레(308동),계산동 오투그란데 리빙포레(308동),계산동 오투그란데 리빙포레(308동),36.344236,127.302948,계산동 722,0
ST0694,계산동 오투그란데 미학(210동),계산동 오투그란데 미학(210동),계산동 오투그란데 미학(210동),36.344169,127.302562,계산동 721,0
ST0695,계산동 한아름마트,계산동 한아름마트,계산동 한아름마트,36.341399,127.303138,계산동 802-5,0
ST0696,계산동 학하리슈빌 학의뜰 입구,계산동 학하리슈빌 학의뜰 입구,계산동 학하리슈빌 학의뜰 입구,36.337710,127.303088,계산동 749,5
ST0697,학하네거리 학의뜰 방향 정류장,학하네거리 학의뜰 방향 정류장,학하네거리 학의뜰 방향 정류장,36.340988,127.304846,계산동 803-14,2
ST0698,한밭대학교 미래동 후문,한밭대학교 미래동 후문,한밭대학교 미래동 후문,36.346023,127.303663,덕명동 608-1,0
ST0699,한밭대학교 1차 BTL 학생생활관 입구,한밭대학교 1차 BTL 학생생활관 입구,한밭대학교 1차 BTL 학생생활관 입구,36.345347,127.304752,덕명동 609-2,0
ST0700,덕명공영주차장,덕명공영주차장,덕명공영주차장,36.359446,127.301643,덕명동 513,0
ST0701,구암동 왕가교,구암동 왕가교,구암동 왕가교,36.358792,127.307842,구암동 671-5,0
ST0702,갈마역 3번출구,갈마역 3번출구,갈마역 3번출구,36.357968,127.371768,월평동 301,0
ST0704,월평역 4번출구,월평역 4번출구,월평역 4번출구,36.358385,127.364689,월평동 312-1,0
ST0705,월평동 사정어린이공원,월평동 사정어린이공원,월평동 사정어린이공원,36.356710,127.365804,월평동 599,0
ST0706,월평중학교(갈마역 방면) 정류장,월평중학교(갈마역 방면) 정류장,월평중학교(갈마역 방면) 정류장,36.357834,127.366558,월평동 617,0
ST0707,갈마초교삼거리(갈마네거리방면) 정류장,갈마초교삼거리(갈마네거리방면) 정류장,갈마초교삼거리(갈마네거리방면) 정류장,36.354779,127.369015,갈마동 263-9,2
ST0708,갈마네거리(갈마초방면) 정류장,갈마네거리(갈마초방면) 정류장,갈마네거리(갈마초방면) 정류장,36.353789,127.369215,갈마동 265-34,0
ST0709,파랑새아파트 서측입구,파랑새아파트 서측입구,파랑새아파트 서측입구,36.356397,127.374490,둔산동 957,0
ST0710,향촌아파트 116동 정류장,향촌아파트 116동 정류장,향촌아파트 116동 정류장,36.354981,127.374504,둔산동 970,0
ST0711,갑천역 3번출구,갑천역 3번출구,갑천역 3번출구,36.354661,127.354334,월평동 1011,0
ST0712,패션월드(39),패션월드(39),패션월드(39),36.351202,127.351709,월평동 1498,0
ST0713,갈마지구대,갈마지구대,갈마지구대,36.352519,127.368467,갈마동 293-12,0
ST0714,갈마중학교입구(상수도사업본부 방면)정류장,갈마중학교입구(상수도사업본부 방면)정류장,갈마중학교입구(상수도사업본부 방면)정류장,36.349516,127.368080,갈마동 337-6,0
ST0715,상수도사업본부(갈마중학교입구 방면)정류장,상수도사업본부(갈마중학교입구 방면)정류장,상수도사업본부(갈마중학교입구 방면)정류장,36.346465,127.368540,갈마동 378-32,0
ST0716,갈마동 양녕요양병원,갈마동 양녕요양병원,갈마동 양녕요양병원,36.344851,127.368634,갈마동 393-18,1
ST0717,갈마동 서구보훈회관 건너편,갈마동 서구보훈회관 건너편,갈마동 서구보훈회관 건너편,36.348199,127.368150,갈마동 366-5,0
ST0718,갈마동 서구보훈회관 공원,갈마동 서구보훈회관 공원,갈마동 서구보훈회관 공원,36.348589,127.368438,갈마동 393-1,0
ST0719,갈마동 굿에프터눈안경원,갈마동 굿에프터눈안경원,갈마동 굿에프터눈안경원,36.342224,127.371818,갈마동 403-17,0
ST0720,대흥교 원동네거리 방면,대흥교 원동네거리 방면,대흥교 원동네거리 방면,36.326169,127.433233,원동 85-44,0
ST0721,덕암동 대청새마을금고 새뜸지점,덕암동 대청새마을금고 새뜸지점,덕암동 대청새마을금고 새뜸지점,36.448075,127.419894,덕암동 1-3,0
ST0723,자연애마트 신탄진점,자연애마트 신탄진점,자연애마트 신탄진점,36.444127,127.425365,덕암동 12-1,0
ST0724,석봉문화센터(211),석봉문화센터(211),석봉문화센터(211),36.447280,127.426213,석봉동 188-13,0
ST0726,신탄진역(127),신탄진역(127),신탄진역(127),36.448314,127.429185,신탄진동 147-5,0
ST0727,신탄진동 행정복지센터(126),신탄진동 행정복지센터(126),신탄진동 행정복지센터(126),36.451693,127.428899,신탄진동 120-1,0
ST0728,대전보훈병원 재활체육센터 정류장,대전보훈병원 재활체육센터 정류장,대전보훈병원 재활체육센터 정류장,36.448376,127.438944,신탄진동 220,0
ST0729,금강로하스엘크루아파트 104동,금강로하스엘크루아파트 104동,금강로하스엘크루아파트 104동,36.452986,127.423797,석봉동 771,0
ST0730,신탄진복합문화커뮤니티센터,신탄진복합문화커뮤니티센터,신탄진복합문화커뮤니티센터,36.450359,127.423517,석봉동 774,0
ST0731,용문동 도산서원(남선공원네거리 방면) 정류장,용문동 도산서원(남선공원네거리 방면) 정류장,용문동 도산서원(남선공원네거리 방면) 정류장,36.343026,127.399600,용문동 212-12,0
ST0732,탄방동 하마모터스,탄방동 하마모터스,탄방동 하마모터스,36.343215,127.391343,탄방동 57-1,0
ST0733,용문역 6번출구(둔산전자타운),용문역 6번출구(둔산전자타운),용문역 6번출구(둔산전자타운),36.339592,127.394666,탄방동 78-2,1
ST0734,LG유플러스 대전오류사옥 정류장,LG유플러스 대전오류사옥 정류장,LG유플러스 대전오류사옥 정류장,36.330056,127.402976,오류동 188-24,0
ST0735,롯데백화점 뒤 우정어린이공원,롯데백화점 뒤 우정어린이공원,롯데백화점 뒤 우정어린이공원,36.339969,127.388785,용문동 249-11,2
ST0736,KT인재개발원(갈마동 방면) 정류장,KT인재개발원(갈마동 방면) 정류장,KT인재개발원(갈마동 방면) 정류장,36.338834,127.375721,괴정동 129-27,0
ST0737,롯데백화점,롯데백화점,롯데백화점,36.341172,127.389432,괴정동 423-1,1
ST0738,갈마동 서부농협하나로마트,갈마동 서부농협하나로마트,갈마동 서부농협하나로마트,36.354004,127.367723,갈마동 261-15,1
ST0739,초록마을1단지예미지아파트 101동,초록마을1단지예미지아파트 101동,초록마을1단지예미지아파트 101동,36.303792,127.379024,복수동 611,0
ST0740,초록마을5단지중흥S클래스아파트 정류장,초록마을5단지중흥S클래스아파트 정류장,초록마을5단지중흥S클래스아파트 정류장,36.298323,127.376700,복수동 602,0
ST0741,유성여고 입구,유성여고 입구,유성여고 입구,36.380735,127.327042,죽동 613-3,0
ST0743,송강동네거리 송강마을아파트 방면,송강동네거리 송강마을아파트 방면,송강동네거리 송강마을아파트 방면,36.434118,127.388543,송강동 171-2,0
ST0744,봉산휴먼시아2단지아파트 입구 건너편,봉산휴먼시아2단지아파트 입구 건너편,봉산휴먼시아2단지아파트 입구 건너편,36.438054,127.386075,봉산동 197-1,0
ST0745,봉산LH3단지아파트 입구,봉산LH3단지아파트 입구,봉산LH3단지아파트 입구,36.438787,127.387076,봉산동 303-3,0
ST0746,봉산동 하늘바람휴먼시아아파트 111동 입구,봉산동 하늘바람휴먼시아아파트 111동 입구,봉산동 하늘바람휴먼시아아파트 111동 입구,36.438095,127.382002,봉산동 295,0
ST0747,송강프라자 대각선 건너편,송강프라자 대각선 건너편,송강프라자 대각선 건너편,36.435850,127.387021,봉산동 208-10,1
ST0748,복수남로 사정교 방면 네거리,복수남로 사정교 방면 네거리,복수남로 사정교 방면 네거리,36.298085,127.378904,복수동 649,0
ST0749,제일프라자,제일프라자,제일프라자,36.337720,127.409341,중촌동 16-10,2
ST0750,반석마을5단지아파트 503동 정류장,반석마을5단지아파트 503동 정류장,반석마을5단지아파트 503동 정류장,36.390918,127.311813,반석동 622,0
ST0751,노은3지구 꿈에그린 201동(230),노은3지구 꿈에그린 201동(230),노은3지구 꿈에그린 201동(230),36.388164,127.303215,지족동 1093,0
ST0752,반석더샵 입구 건너편,반석더샵 입구 건너편,반석더샵 입구 건너편,36.390080,127.305113,반석동 335-5,0
ST0753,반석마을1단지호반리젠시빌 102동,반석마을1단지호반리젠시빌 102동,반석마을1단지호반리젠시빌 102동,36.387894,127.310805,지족동 977,1
ST0754,송림네거리(한국침례신학대학교 방면),송림네거리(한국침례신학대학교 방면),송림네거리(한국침례신학대학교 방면),36.387409,127.322346,하기동 591,0
ST0755,송림마을3단지이노스빌아파트 304동,송림마을3단지이노스빌아파트 304동,송림마을3단지이노스빌아파트 304동,36.390068,127.323367,하기동 513,0
ST0756,송림마을5단지 509동,송림마을5단지 509동,송림마을5단지 509동,36.388941,127.329853,하기동 545,0
ST0757,하기동 윗텃골어린이공원,하기동 윗텃골어린이공원,하기동 윗텃골어린이공원,36.388975,127.331087,하기동 509,0
ST0758,대전송림초등학교,대전송림초등학교,대전송림초등학교,36.388070,127.331651,하기동 549-7,0
ST0759,신성동 KT&G중앙연구원,신성동 KT&G중앙연구원,신성동 KT&G중앙연구원,36.384139,127.347140,신성동 301,0
ST0760,한국화학연구원 입구,한국화학연구원 입구,한국화학연구원 입구,36.385444,127.358803,장동 86-1,1
ST0761,LG생활건강 기술연구원 입구,LG생활건강 기술연구원 입구,LG생활건강 기술연구원 입구,36.384860,127.362126,장동 84,0
ST0763,어은동 한빛아파트(126동),어은동 한빛아파트(126동),어은동 한빛아파트(126동),36.363151,127.352945,궁동 1-34,0
ST0764,어은치안센터 입구,어은치안센터 입구,어은치안센터 입구,36.360821,127.354303,어은동 106-3,3
ST0765,충남대학교(온천교 방면),충남대학교(온천교 방면),충남대학교(온천교 방면),36.360638,127.343790,궁동 480-6,1
ST0766,봉명동 스카이뷰로드오피스텔 건너편,봉명동 스카이뷰로드오피스텔 건너편,봉명동 스카이뷰로드오피스텔 건너편,36.357527,127.343184,봉명동 617-1,0
ST0768,유성온천역 7번출구,유성온천역 7번출구,유성온천역 7번출구,36.353959,127.341847,봉명동 551-11,0
ST0769,유성온천역 8번출구,유성온천역 8번출구,유성온천역 8번출구,36.353713,127.342027,봉명동 551-11,0
ST0770,유성온천역 2번출구,유성온천역 2번출구,유성온천역 2번출구,36.352878,127.341558,봉명동 1016-1,0
ST0771,유성온천역 4번출구,유성온천역 4번출구,유성온천역 4번출구,36.353637,127.341173,봉명동 553-2,0
ST0772,진터네거리(도안4블럭 방면),진터네거리(도안4블럭 방면),진터네거리(도안4블럭 방면),36.348213,127.339896,상대동 467-5,1
ST0773,휴먼시아4단지(트리풀시티9단지 방면) 정류장,휴먼시아4단지(트리풀시티9단지 방면) 정류장,휴먼시아4단지(트리풀시티9단지 방면) 정류장,36.346906,127.339981,상대동 467-9,1
ST0774,목원대(동서대로) 네거리,목원대(동서대로) 네거리,목원대(동서대로) 네거리,36.331895,127.338308,도안동 849,1
ST0775,도안동 하나은행,도안동 하나은행,도안동 하나은행,36.331951,127.340030,도안동 854,0
ST0776,도안동 어울림하트아파트 1209동,도안동 어울림하트아파트 1209동,도안동 어울림하트아파트 1209동,36.334378,127.340329,도안동 552-8,0
ST0777,도안휴먼시아10단지아파트 상가동,도안휴먼시아10단지아파트 상가동,도안휴먼시아10단지아파트 상가동,36.338962,127.341983,원신흥동 495,0
ST0778,도안휴먼시아10단지아파트 1001동,도안휴먼시아10단지아파트 1001동,도안휴먼시아10단지아파트 1001동,36.338380,127.340334,원신흥동 494-2,0
ST0779,도안아이파크(대전에너지사업단 방면) 정류장,도안아이파크(대전에너지사업단 방면) 정류장,도안아이파크(대전에너지사업단 방면) 정류장,36.324228,127.345374,도안동 1118,0
ST0780,대전도안아이파크아파트 1505동,대전도안아이파크아파트 1505동,대전도안아이파크아파트 1505동,36.323425,127.347489,도안동 1092,0
ST0781,도안초등학교(도안수목토아파트 114동)(202),도안초등학교(도안수목토아파트 114동)(202),도안초등학교(도안수목토아파트 114동)(202),36.320591,127.344082,도안동 1364,0
ST0782,도안수목토아파트 114동 건너편,도안수목토아파트 114동 건너편,도안수목토아파트 114동 건너편,36.320933,127.343572,도안동 1241,0
ST0783,도안숲소공원,도안숲소공원,도안숲소공원,36.319178,127.342418,도안동 1354,0
ST0784,도안 계룡리슈빌 1703동 건너편,도안 계룡리슈빌 1703동 건너편,도안 계룡리슈빌 1703동 건너편,36.315809,127.345318,도안동 1307,0
ST0785,도안 계룡리슈빌 1704동,도안 계룡리슈빌 1704동,도안 계룡리슈빌 1704동,36.316899,127.345549,도안동 1368,0
ST0786,도안 호반베르디움 101동(146),도안 호반베르디움 101동(146),도안 호반베르디움 101동(146),36.311851,127.346831,도안동 1373,0
ST0787,도안동 나비어린이공원,도안동 나비어린이공원,도안동 나비어린이공원,36.315173,127.350166,도안동 1401,0
ST0788,도안린풀하우스18단지아파트 1806동,도안린풀하우스18단지아파트 1806동,도안린풀하우스18단지아파트 1806동,36.312225,127.349946,도안동 1564,2
ST0789,도안동 윗용소어린이공원 입구,도안동 윗용소어린이공원 입구,도안동 윗용소어린이공원 입구,36.308151,127.349886,가수원동 878,1
ST0790,가수원파출소(린풀하우스 방면) 정류장(34870),가수원파출소(린풀하우스 방면) 정류장(34870),가수원파출소(린풀하우스 방면) 정류장(34870),36.307064,127.352735,가수원동 1262,0
ST0791,가수원동 용소수변공원,가수원동 용소수변공원,가수원동 용소수변공원,36.311640,127.352399,가수원동 1804,1
ST0792,가수원동 미나리어린이공원 뒤편,가수원동 미나리어린이공원 뒤편,가수원동 미나리어린이공원 뒤편,36.308348,127.354316,가수원동 1211,0
ST0793,가수원동 은아아파트 302동,가수원동 은아아파트 302동,가수원동 은아아파트 302동,36.304175,127.350162,가수원동 762,0
ST0794,가수원동 771-2,가수원동 771-2,가수원동 771-2,36.301959,127.354341,가수원동 771-2,0
ST0795,가수원동 480-1,가수원동 480-1,가수원동 480-1,36.304026,127.353863,가수원동 480-1,0
ST0796,가수원연립주택 정류장,가수원연립주택 정류장,가수원연립주택 정류장,36.303592,127.347181,가수원동 656-50,0
ST0797,용소1교 좌안,용소1교 좌안,용소1교 좌안,36.306200,127.348531,도안동 1607,1
ST0798,느리울마을12단지주공아파트 서측 입구,느리울마을12단지주공아파트 서측 입구,느리울마을12단지주공아파트 서측 입구,36.298059,127.340837,관저동 1402,0
ST0799,느리울12단지(느리울13단지 방면) 정류장(33580) 뒤편,느리울12단지(느리울13단지 방면) 정류장(33580) 뒤편,느리울12단지(느리울13단지 방면) 정류장(33580) 뒤편,36.298596,127.340368,관저동 1350,0
ST0800,느리울마을13단지주공아파트 1304동,느리울마을13단지주공아파트 1304동,느리울마을13단지주공아파트 1304동,36.297310,127.343899,관저동 1394,0
ST0801,관저어반힐스아파트 501동,관저어반힐스아파트 501동,관저어반힐스아파트 501동,36.295775,127.343984,관저동 1603,0
ST0802,관저LH천년나무1단지아파트 정문 입구,관저LH천년나무1단지아파트 정문 입구,관저LH천년나무1단지아파트 정문 입구,36.293739,127.343608,관저동 1602,0
ST0803,관저어반힐스아파트 503동,관저어반힐스아파트 503동,관저어반힐스아파트 503동,36.293896,127.343269,관저동 1598,0
ST0804,다온숲3단지아파트 312동 건너편,다온숲3단지아파트 312동 건너편,다온숲3단지아파트 312동 건너편,36.293727,127.340468,관저동 1594,0
ST0805,관저예미지명가의풍경아파트 112동 건너편,관저예미지명가의풍경아파트 112동 건너편,관저예미지명가의풍경아파트 112동 건너편,36.295223,127.335077,관저동 1558-18,0
ST0806,관저중흥S클래스프라디움아파트(선유초 방면),관저중흥S클래스프라디움아파트(선유초 방면),관저중흥S클래스프라디움아파트(선유초 방면),36.294986,127.337750,관저동 1564-5,0
ST0807,선암초교네거리 정류장(느리울13단지 방면),선암초교네거리 정류장(느리울13단지 방면),선암초교네거리 정류장(느리울13단지 방면),36.296109,127.336204,관저동 1549-7,0
ST0808,느리울13단지 정류장(느리울12단지 방면),느리울13단지 정류장(느리울12단지 방면),느리울13단지 정류장(느리울12단지 방면),36.296247,127.339504,관저동 1473,0
ST0809,건양대병원네거리 느리울마을11단지 110동 건너편,건양대병원네거리 느리울마을11단지 110동 건너편,건양대병원네거리 느리울마을11단지 110동 건너편,36.300119,127.340247,관저동 1316,0
ST0810,대전 관저2동우체국,대전 관저2동우체국,대전 관저2동우체국,36.298912,127.328778,관저동 1136,0
ST0811,진잠네거리 구봉마을 7단지 방면,진잠네거리 구봉마을 7단지 방면,진잠네거리 구봉마을 7단지 방면,36.298427,127.324640,관저동 1939,0
ST0812,진잠네거리 관저더샵아파트 방면,진잠네거리 관저더샵아파트 방면,진잠네거리 관저더샵아파트 방면,36.298122,127.324051,관저동 1955,0
ST0813,대정교 정류장(모다아울렛),대정교 정류장(모다아울렛),대정교 정류장(모다아울렛),36.311983,127.318290,대정동 303-3,0
ST0814,진잠향교 입구,진잠향교 입구,진잠향교 입구,36.302868,127.315696,교촌동 634-23,0
ST0815,진잠향교 입구 건너편,진잠향교 입구 건너편,진잠향교 입구 건너편,36.302960,127.316131,원내동 73-5,0
ST0816,원내동 한아름아파트 상가동,원내동 한아름아파트 상가동,원내동 한아름아파트 상가동,36.296059,127.320214,원내동 357,0
ST0817,건양대학교병원(216),건양대학교병원(216),건양대학교병원(216),36.306045,127.340833,관저동 37-4,0
ST0818,원앙네거리 구봉신협 원앙지점,원앙네거리 구봉신협 원앙지점,원앙네거리 구봉신협 원앙지점,36.308082,127.336445,관저동 981,0
ST0819,관저동 원앙4단지아파트 406동,관저동 원앙4단지아파트 406동,관저동 원앙4단지아파트 406동,36.303253,127.340515,관저동 999,0
ST0820,정림동 우성1차아파트 101동,정림동 우성1차아파트 101동,정림동 우성1차아파트 101동,36.305690,127.362715,정림동 584,2
ST0821,정림동 늘푸른아파트 102동,정림동 늘푸른아파트 102동,정림동 늘푸른아파트 102동,36.301889,127.366203,정림동 641-1,1
ST0822,정림동 삼정하이츠아파트 105동,정림동 삼정하이츠아파트 105동,정림동 삼정하이츠아파트 105동,36.297456,127.362231,정림동 290-1,0
ST0823,정림동 무궁화공원,정림동 무궁화공원,정림동 무궁화공원,36.302039,127.363585,정림동 402-2,0
ST0824,정림동 삼성자동차운전전문학원 건너편,정림동 삼성자동차운전전문학원 건너편,정림동 삼성자동차운전전문학원 건너편,36.302313,127.369511,정림동 27-5,0
ST0825,오정농수산물 도매시장(260),오정농수산물 도매시장(260),오정농수산물 도매시장(260),36.357748,127.407751,오정동 44-1,3
ST0826,오정농수산물시장(동대전농협),오정농수산물시장(동대전농협),오정농수산물시장(동대전농협),36.358285,127.409626,오정동 58-5,0
ST0827,오정동 통매바위어린이공원,오정동 통매바위어린이공원,오정동 통매바위어린이공원,36.354092,127.413244,오정동 274-1,1
ST0828,오정동 노촌어린이공원,오정동 노촌어린이공원,오정동 노촌어린이공원,36.352445,127.408543,오정동 311-6,7
ST0829,오정로 호남선(가도교) 아래 ,오정로 호남선(가도교) 아래 ,오정로 호남선(가도교) 아래 ,36.350773,127.412400,오정동 689,2
ST0830,오정로 호남선(가도교) 아래 2,오정로 호남선(가도교) 아래 2,오정로 호남선(가도교) 아래 2,36.351021,127.412741,오정동 400,2
ST0831,한남오거리(대덕구청 방면),한남오거리(대덕구청 방면),한남오거리(대덕구청 방면),36.347933,127.415619,오정동 489-2,3
ST0832,오정우체국 건너편(184),오정우체국 건너편(184),오정우체국 건너편(184),36.352689,127.415540,오정동 432-4,1
ST0833,오정네거리(한남대학교 방면),오정네거리(한남대학교 방면),오정네거리(한남대학교 방면),36.358422,127.415779,오정동 390-1,1
ST0834,오정동 성진주택 ,오정동 성진주택 ,오정동 성진주택 ,36.354754,127.416023,오정동 359,0
ST0835,중리지구대 건너편 정류장,중리지구대 건너편 정류장,중리지구대 건너편 정류장,36.359043,127.420525,중리동 438-8,4
ST0836,중리동 미래어린이공원,중리동 미래어린이공원,중리동 미래어린이공원,36.364024,127.423344,중리동 378-12,0
ST0837,중리동 반도정형외과 중리네거리 방면 정류장,중리동 반도정형외과 중리네거리 방면 정류장,중리동 반도정형외과 중리네거리 방면 정류장,36.362967,127.430925,중리동 151-8,0
ST0838,중리동 장안외과의원,중리동 장안외과의원,중리동 장안외과의원,36.361563,127.431328,중리동 180-3,0
ST0839,중리동 반도정형외과,중리동 반도정형외과,중리동 반도정형외과,36.364109,127.430620,중리동 151-1,0
ST0840,중리중학교 입구 정류장,중리중학교 입구 정류장,중리중학교 입구 정류장,36.366696,127.429898,중리동 132-5,0
ST0841,중리동(하나로병원)(78),중리동(하나로병원)(78),중리동(하나로병원)(78),36.363270,127.431282,중리동 107-4,0
ST0842,계족로(송애당 입구) 방면,계족로(송애당 입구) 방면,계족로(송애당 입구) 방면,36.364568,127.431422,중리동 99-1,0
ST0843,법동 그린타운아파트 112동 건너편,법동 그린타운아파트 112동 건너편,법동 그린타운아파트 112동 건너편,36.365179,127.434744,대전광역시 대덕구 중리동 490-1,1
ST0844,송촌컨벤션센터 건너편,송촌컨벤션센터 건너편,송촌컨벤션센터 건너편,36.365833,127.436920,송촌동 449-6,0
ST0845,법동 한마음아파트 상가동,법동 한마음아파트 상가동,법동 한마음아파트 상가동,36.370752,127.431236,법동 188,0
ST0846,법동 한마음아파트 106동 건너편,법동 한마음아파트 106동 건너편,법동 한마음아파트 106동 건너편,36.370096,127.432297,법동 191-2,0
ST0847,선비마을5단지아파트 502동 정류장,선비마을5단지아파트 502동 정류장,선비마을5단지아파트 502동 정류장,36.365988,127.444771,송촌동 494-1,0
ST0848,송촌동성당 건너편 정류장,송촌동성당 건너편 정류장,송촌동성당 건너편 정류장,36.362001,127.445213,송촌동 503-4,0
ST0849,송촌동 진가쟁이어린이공원,송촌동 진가쟁이어린이공원,송촌동 진가쟁이어린이공원,36.362892,127.445628,송촌동 505-1,0
ST0850,법동 대덕경찰서(72),법동 대덕경찰서(72),법동 대덕경찰서(72),36.369958,127.429496,법동 191-1,1
ST0851,중리동 럭키스포츠프라자,중리동 럭키스포츠프라자,중리동 럭키스포츠프라자,36.366148,127.422940,중리동 362-1,0
ST0852,대전지방국세청 남측(법동네거리 방면),대전지방국세청 남측(법동네거리 방면),대전지방국세청 남측(법동네거리 방면),36.371120,127.428477,법동 282-1,1
ST0856,회덕유래비 건너편 정류장,회덕유래비 건너편 정류장,회덕유래비 건너편 정류장,36.376853,127.420782,읍내동 246-8,0
ST0857,회덕유래비 정류장,회덕유래비 정류장,회덕유래비 정류장,36.376694,127.421145,읍내동 247-3,1
ST0859,회덕농협 건너편(208),회덕농협 건너편(208),회덕농협 건너편(208),36.379001,127.426880,읍내동 573-1,1
ST0860,읍내동 보도육교 아래(법동 방면),읍내동 보도육교 아래(법동 방면),읍내동 보도육교 아래(법동 방면),36.377268,127.426915,읍내동 517-23,0
ST0861,연축주공아파트 104동,연축주공아파트 104동,연축주공아파트 104동,36.396576,127.422896,신대동 491-12,0
ST0862,와동 회덕우체국 입구,와동 회덕우체국 입구,와동 회덕우체국 입구,36.402848,127.422835,와동 361-7,0
ST0863,덕암동행정복지센터,덕암동행정복지센터,덕암동행정복지센터,36.440080,127.427030,덕암동 48-2,0
ST0864,상서동 쌍용자동차 대전서비스센터 정류장,상서동 쌍용자동차 대전서비스센터 정류장,상서동 쌍용자동차 대전서비스센터 정류장,36.427679,127.422701,상서동 298-1,1
ST0865,도마동 효성타운아파트 입구 정류장,도마동 효성타운아파트 입구 정류장,도마동 효성타운아파트 입구 정류장,36.311724,127.382990,도마동 180-9,1
ST0866,비래동 SJ산림조합중앙회 건너편 정류장,비래동 SJ산림조합중앙회 건너편 정류장,비래동 SJ산림조합중앙회 건너편 정류장,36.356406,127.444760,송촌동 564-4,0
ST0867,상서삼거리(와동 방면) 정류장,상서삼거리(와동 방면) 정류장,상서삼거리(와동 방면) 정류장,36.430125,127.421634,상서동 283,0
ST0868,연축동 그린빌라,연축동 그린빌라,연축동 그린빌라,36.396413,127.426375,연축동 169-1,1
ST0869,유천동현대아파트(도마동 방면) 정류장,유천동현대아파트(도마동 방면) 정류장,유천동현대아파트(도마동 방면) 정류장,36.318973,127.398960,유천동 206-8,1
ST0870,가장동 큰손부추해물칼국수,가장동 큰손부추해물칼국수,가장동 큰손부추해물칼국수,36.328047,127.386538,가장동 34-7,0
ST0871,변동 필통수입차부품 정류장,변동 필통수입차부품 정류장,변동 필통수입차부품 정류장,36.327968,127.385542,변동 5-5,0
ST0872,태평동 하나동물병원,태평동 하나동물병원,태평동 하나동물병원,36.326150,127.393077,태평동 409-1,0
ST0873,유천동 태평새마을금고,유천동 태평새마을금고,유천동 태평새마을금고,36.322466,127.397864,유천동 198-5,0
ST0874,유천동 새서울종합시장,유천동 새서울종합시장,유천동 새서울종합시장,36.321899,127.396347,유천2동 196,2
ST0875,태평동 버드내1단지아파트 입구,태평동 버드내1단지아파트 입구,태평동 버드내1단지아파트 입구,36.316311,127.388576,태평동 422-7,1
ST0876,변동 포도힐6차아파트 입구,변동 포도힐6차아파트 입구,변동 포도힐6차아파트 입구,36.323143,127.378065,변동 61-1,0
ST0877,농도원네거리(197),농도원네거리(197),농도원네거리(197),36.320287,127.377601,도마동 65-56,1
ST0878,변동 동일세탁,변동 동일세탁,변동 동일세탁,36.324702,127.381218,변동 47-6,0
ST0879,도마동 기찬가정의학과의원,도마동 기찬가정의학과의원,도마동 기찬가정의학과의원,36.315288,127.379285,도마동 129-33,0
ST0880,도마동 대일의류도매백화점,도마동 대일의류도매백화점,도마동 대일의류도매백화점,36.314305,127.382374,도마1동 141-5,1
ST0881,도마동 오매불떡 정류장,도마동 오매불떡 정류장,도마동 오매불떡 정류장,36.311349,127.376621,도마동 188-10,0
ST0882,도마네거리 리더스내과,도마네거리 리더스내과,도마네거리 리더스내과,36.312797,127.380374,도마동 174-4,1
ST0883,도마동 띠울석갈비 정류장,도마동 띠울석갈비 정류장,도마동 띠울석갈비 정류장,36.310334,127.372706,도마동 312-198,0
ST0884,전민동 한국한의학연구원 건너편,전민동 한국한의학연구원 건너편,전민동 한국한의학연구원 건너편,36.400008,127.394138,대전광역시 유성구 전민동 263-6,0
ST0885,문지동 GS칼텍스 기술연구소,문지동 GS칼텍스 기술연구소,문지동 GS칼텍스 기술연구소,36.389160,127.404796,문지동 104-4,1
ST0886,장대동 드림월드아파트 102동(유성대로 방향),장대동 드림월드아파트 102동(유성대로 방향),장대동 드림월드아파트 102동(유성대로 방향),36.362339,127.336965,장대동 342-4,0
ST0887,장대동 월드컵패밀리타운아파트 106동(유성대로 방향),장대동 월드컵패밀리타운아파트 106동(유성대로 방향),장대동 월드컵패밀리타운아파트 106동(유성대로 방향),36.363941,127.337671,장대동 335-1,1
ST0888,장대동 어울림주간보호센터,장대동 어울림주간보호센터,장대동 어울림주간보호센터,36.361372,127.335949,장대동 331-8,0
ST0889,장대네거리 (죽동네거리 방면) 정류장,장대네거리 (죽동네거리 방면) 정류장,장대네거리 (죽동네거리 방면) 정류장,36.365405,127.335809,장대동 309-1,0
ST0890,죽동 군량들어린이공원 입구,죽동 군량들어린이공원 입구,죽동 군량들어린이공원 입구,36.369687,127.334562,죽동 690,0
ST0891,죽동천년나무아파트 505동,죽동천년나무아파트 505동,죽동천년나무아파트 505동,36.371253,127.335218,죽동 712,3
ST0892,죽동 파스쿠찌,죽동 파스쿠찌,죽동 파스쿠찌,36.368872,127.339351,죽동 709-1,0
ST0893,노은동 열매마을 11단지(1109동),노은동 열매마을 11단지(1109동),노은동 열매마을 11단지(1109동),36.364508,127.313580,노은동 552-3,0
ST0894,노은동 더노은로 캠핑장,노은동 더노은로 캠핑장,노은동 더노은로 캠핑장,36.363440,127.315829,노은동 563-1,0
ST0895,노은 농수산물도매시장 건너편 정류장(노은로 방면),노은 농수산물도매시장 건너편 정류장(노은로 방면),노은 농수산물도매시장 건너편 정류장(노은로 방면),36.364207,127.317543,노은동 561-9,0
ST0896,월드컵경기장역 2번출구,월드컵경기장역 2번출구,월드컵경기장역 2번출구,36.366538,127.317477,노은동 553-8,0
ST0897,노은서로 94 ,노은서로 94 ,노은서로 94 ,36.368520,127.313927,노은동 514-1,0
ST0898,노은카운티스(103동),노은카운티스(103동),노은카운티스(103동),36.370716,127.315502,노은동 495,1
ST0899,노은동 CGV,노은동 CGV,노은동 CGV,36.372423,127.318116,지족동 905-4,2
ST0900,노은동 열매마을 8단지 입구,노은동 열매마을 8단지 입구,노은동 열매마을 8단지 입구,36.372054,127.319636,노은동 520-1,0
ST0901,노은동 열매마을 7단지 입구,노은동 열매마을 7단지 입구,노은동 열매마을 7단지 입구,36.372287,127.321406,지족동 919,0
ST0902,노은동 열매마을 9단지 입구,노은동 열매마을 9단지 입구,노은동 열매마을 9단지 입구,36.372076,127.321571,노은동 521,0
ST0903,노은동 열매마을 9단지(910동),노은동 열매마을 9단지(910동),노은동 열매마을 9단지(910동),36.371180,127.323285,노은동 521,0
ST0904,노은동 열매마을 7단지(708동),노은동 열매마을 7단지(708동),노은동 열매마을 7단지(708동),36.373125,127.322829,지족동 919,1
ST0905,노은동 열매마을 4단지 입구,노은동 열매마을 4단지 입구,노은동 열매마을 4단지 입구,36.376101,127.316167,지족동 858,0
ST0906,지족동 경신빌딩,지족동 경신빌딩,지족동 경신빌딩,36.375826,127.316180,지족동 884-4,0
ST0907,지족동 열매마을 5단지 입구,지족동 열매마을 5단지 입구,지족동 열매마을 5단지 입구,36.376106,127.318892,지족동 877-1,0
ST0908,지족동 열매마을 6단지 입구,지족동 열매마을 6단지 입구,지족동 열매마을 6단지 입구,36.376108,127.321417,지족동 880,0
ST0909,지족동 열매마을 2단지(202동),지족동 열매마을 2단지(202동),지족동 열매마을 2단지(202동),36.379980,127.318261,지족동 873,0
ST0910,지족동 열매마을 2단지(201동),지족동 열매마을 2단지(201동),지족동 열매마을 2단지(201동),36.380472,127.319311,지족동 873,1
ST0911,유성경찰서 민원실앞,유성경찰서,유성경찰서,36.378570,127.325800,대전광역시 유성구 죽동 629,0
ST0912,송강청솔아파트 상가,송강청솔아파트 상가,송강청솔아파트 상가,36.436395,127.383657,송강동 8-2,0
ST0913,신일동 한솔제지 입구,신일동 한솔제지 입구,신일동 한솔제지 입구,36.431715,127.407364,신일동 1235-2,1
ST0914,신일동 트루윈 입구,신일동 트루윈 입구,신일동 트루윈 입구,36.436712,127.405937,신일동 1680,0
ST0916,대덕구청,대덕구청,대덕구청,36.346339,127.416340,오정동 759,5
ST0918,삼성동 민정빌라,삼성동 민정빌라,삼성동 민정빌라,36.344473,127.416876,삼성동 458,0
ST0920,도룡동 LG화학 사원아파트,도룡동 LG화학 사원아파트,도룡동 LG화학 사원아파트,36.386808,127.377847,도룡동 386-4,0
ST0922,산성동 주원교회 건너편,산성동 주원교회 건너편,산성동 주원교회 건너편,36.295903,127.386592,사정동 517,0
ST0923,목동 목양마을 버스정류장(117동),목동 목양마을 버스정류장(117동),목동 목양마을 버스정류장(117동),36.335659,127.403532,목동 68-2,2
ST0925,대전테크노파크용산동 에스피에스(257),대전테크노파크용산동 에스피에스(257),대전테크노파크용산동 에스피에스(257),36.420966,127.405413,용산동 602,9
ST0926,충남대학교 산학협력지원센터(용산동),충남대학교 산학협력지원센터(용산동),충남대학교 산학협력지원센터(용산동),36.425773,127.401715,용산동 560,3
ST0927,한밭대학교 대덕산학융합캠퍼스(관평동),한밭대학교 대덕산학융합캠퍼스(관평동),한밭대학교 대덕산학융합캠퍼스(관평동),36.428228,127.395161,관평동 1287,0
ST0928,용산동 경남아너스빌 1단지(101동),용산동 경남아너스빌 1단지(101동),용산동 경남아너스빌 1단지(101동),36.420748,127.398614,용산동 716,0
ST0929,테크노밸리푸르지오 1단지(101동),테크노밸리푸르지오 1단지(101동),테크노밸리푸르지오 1단지(101동),36.418407,127.396803,대전광역시 유성구 용산동 722,0
ST0930,용산동 경남아너스빌 1단지(209동),용산동 경남아너스빌 1단지(209동),용산동 경남아너스빌 1단지(209동),36.418290,127.397962,용산동 719,0
ST0931,테크노밸리 12단지(1209동),테크노밸리 12단지(1209동),테크노밸리 12단지(1209동),36.417587,127.395132,용산동 664,0
ST0933,남대전 이편한세상 입구 정류장,남대전 이편한세상 입구 정류장,남대전 이편한세상 입구 정류장,36.280439,127.468131,낭월동 199,1
ST0934,이스트시티(102동),이스트시티(102동),이스트시티(102동),36.327454,127.440227,대전광역시 동구 대동 541,0
ST0935,낭월동 우체국,낭월동 우체국,낭월동 우체국,36.281293,127.467431,낭월동 459,0
ST0936,낭월동 오투그란데(107동),낭월동 오투그란데(107동),낭월동 오투그란데(107동),36.285641,127.465161,낭월동 673,1
ST0937,송강동 한마을아파트(107동),송강동 한마을아파트(107동),송강동 한마을아파트(107동),36.430575,127.383440,송강동 200-4,0
ST0938,송강동 그린아파트(318동),송강동 그린아파트(318동),송강동 그린아파트(318동),36.430354,127.383071,송강동 199,0
ST0939,송강동 한마을아파트(114동),송강동 한마을아파트(114동),송강동 한마을아파트(114동),36.429031,127.384643,송강동 200-4,0
ST0940,송강동 계룡한솔아파트(201동),송강동 계룡한솔아파트(201동),송강동 계룡한솔아파트(201동),36.432319,127.386334,송강동 200-1,0
ST0941,송강초등학교(163),송강초등학교(163),송강초등학교(163),36.433056,127.384058,송강동 556,0
ST0942,봉산동 휴먼시아(102동),봉산동 휴먼시아(102동),봉산동 휴먼시아(102동),36.438063,127.383602,봉산동 295,0
ST0943,봉산동 휴먼시아 상가 정류장,봉산동 휴먼시아 상가 정류장,봉산동 휴먼시아 상가 정류장,36.438033,127.384814,봉산동 305-10,0
ST0944,구즉동 행정복지센터,구즉동 행정복지센터,구즉동 행정복지센터,36.440271,127.383817,봉산동 294,0
ST0945,구즉동 행정복지센터 입구 정류장,구즉동 행정복지센터 입구 정류장,구즉동 행정복지센터 입구 정류장,36.441154,127.385611,봉산동 305-1,0
ST0946,송강마을 2단지 상가,송강마을 2단지 상가,송강마을 2단지 상가,36.437116,127.386015,송강동 10-3,0
ST0947,한국장애인고용공단 대전직업능력개발원,한국장애인고용공단 대전직업능력개발원,한국장애인고용공단 대전직업능력개발원,36.439435,127.410536,신일동 1687-1,0
ST0948,문평동 롯데칠성음료 대전공장,문평동 롯데칠성음료 대전공장,문평동 롯데칠성음료 대전공장,36.445467,127.395833,문평동 86,1
ST0949,문평동 옥봉 신탄진물류센터,문평동 옥봉 신탄진물류센터,문평동 옥봉 신탄진물류센터,36.448073,127.400600,문평동 93,1
ST0950,목상동 한일제관 대전공장 입구 건너편,목상동 한일제관 대전공장 입구 건너편,목상동 한일제관 대전공장 입구 건너편,36.445717,127.410161,목상동 145-12,0
ST0951,신일동 한라아파트 102동,신일동 한라아파트 102동,신일동 한라아파트 102동,36.444650,127.410243,신일동 1682-4,0
ST0952,목상동 다사랑아파트 104동,목상동 다사랑아파트 104동,목상동 다사랑아파트 104동,36.447099,127.414697,목상동 185-2,0
ST0953,석봉동 이노센스뷰아파트,석봉동 이노센스뷰아파트,석봉동 이노센스뷰아파트,36.447444,127.424726,석봉동 759,0
ST0954,신탄진고네거리(129),신탄진고네거리(129),신탄진고네거리(129),36.448768,127.435747,신탄진동 149-5,0
ST0956,평촌동 행복한마을 신일유토빌(102동),평촌동 행복한마을 신일유토빌(102동),평촌동 행복한마을 신일유토빌(102동),36.438497,127.423392,평촌동 540-4,0
ST0957,신탄진농협 본점,신탄진농협 본점,신탄진농협 본점,36.436965,127.422654,덕암동 60-6,0
ST0958,신흥SK뷰(106동),신흥SK뷰(106동),신흥SK뷰(106동),36.325984,127.441693,대전광역시 동구 신흥동 178-5,0
ST0959,선화동 라온힐,선화동 라온힐,선화동 라온힐,36.328919,127.418494,선화동 360-5,2
ST0960,선화동 대전측기사,선화동 대전측기사,선화동 대전측기사,36.325599,127.420049,선화동 383,0
ST0961,선화동 충청남도 대전학사관,선화동 충청남도 대전학사관,선화동 충청남도 대전학사관,36.326144,127.419176,선화동 373,0
ST0962,선화동 중구국민체육센터,선화동 중구국민체육센터,선화동 중구국민체육센터,36.329866,127.417142,선화동 186-14,0
ST0963,송촌동 선비마을 2단지(202동),송촌동 선비마을 2단지(202동),송촌동 선비마을 2단지(202동),36.369146,127.440214,송촌동 444,0
ST0964,송촌동 아이프라자,송촌동 아이프라자,송촌동 아이프라자,36.367456,127.437376,송촌동 525,0
ST0965,송촌동 선비마을 3단지(303동),송촌동 선비마을 3단지(303동),송촌동 선비마을 3단지(303동),36.367138,127.441635,송촌동 461-1,0
ST0966,송촌동 선비마을 4단지(403동),송촌동 선비마을 4단지(403동),송촌동 선비마을 4단지(403동),36.367487,127.442352,송촌동 462,0
ST0967,송촌동 선비마을 3단지(316동),송촌동 선비마을 3단지(316동),송촌동 선비마을 3단지(316동),36.369394,127.440838,송촌동 461-1,0
ST0968,송촌동 선비마을 4단지(414동),송촌동 선비마을 4단지(414동),송촌동 선비마을 4단지(414동),36.366018,127.444377,송촌동 462,0
ST0969,송촌동 선비마을 5단지 상가,송촌동 선비마을 5단지 상가,송촌동 선비마을 5단지 상가,36.364161,127.446098,송촌동 494-1,0
ST0970,송촌고등학교,송촌고등학교,송촌고등학교,36.362509,127.446553,송촌동 526,0
ST0971,비래동 유앤미아파트,비래동 유앤미아파트,비래동 유앤미아파트,36.360221,127.450114,비래동 531,0
ST0972,비래동 금성백조 102동(235),비래동 금성백조 102동(235),비래동 금성백조 102동(235),36.358200,127.450500,비래동 541,0
ST0973,비래동 금성백조(101동 남쪽),비래동 금성백조(101동 남쪽),비래동 금성백조(101동 남쪽),36.357991,127.451736,비래동 133-5,0
ST0974,비래동 금성백조(101동 북쪽),비래동 금성백조(101동 북쪽),비래동 금성백조(101동 북쪽),36.358738,127.451886,비래동 535,0
ST0975,비래동 청송빌딩,비래동 청송빌딩,비래동 청송빌딩,36.359322,127.448372,비래동 541,0
ST0976,송촌서오아파트(104동),송촌서오아파트(104동),송촌서오아파트(104동),36.359496,127.445773,송촌동 555,0
ST0978,가양동 청하목욕탕,가양동 청하목욕탕,가양동 청하목욕탕,36.354278,127.452952,가양동 668,0
ST0979,가양동 혜성빌,가양동 혜성빌,가양동 혜성빌,36.350051,127.451832,가양동 671,0
ST0980,가양동 두원빌라(A동),가양동 두원빌라(A동),가양동 두원빌라(A동),36.349513,127.449036,가양동 675,1
ST0981,가양동 흥룡연립,가양동 흥룡연립,가양동 흥룡연립,36.347812,127.446057,가양동 389-4,0
ST0982,송촌동 대전충남적십자혈액원,송촌동 대전충남적십자혈액원,송촌동 대전충남적십자혈액원,36.354194,127.441702,송촌동 364,0
ST0983,비래동 백마강참숯민물장어,비래동 백마강참숯민물장어,비래동 백마강참숯민물장어,36.352242,127.443058,비래동 561-1,0
ST0984,싸이언스빌3가 대덕벤처협동화단지,싸이언스빌3가 대덕벤처협동화단지,싸이언스빌3가 대덕벤처협동화단지,36.386693,127.404908,문지동 105-6,19
ST0985,문지동 케이엘이에스 정류장,문지동 케이엘이에스 정류장,문지동 케이엘이에스 정류장,36.391068,127.405090,문지동 611-2,2
ST0986,가양동 녹십자약국,가양동 녹십자약국,가양동 녹십자약국,36.346302,127.445393,가양동 418-18,0
ST0987,가양동 다솜요양병원(207),가양동 다솜요양병원(207),가양동 다솜요양병원(207),36.343639,127.442344,가양동 288-6,0
ST0988,현충원 인근 갑동숯불민물장어,현충원 인근 갑동숯불민물장어,현충원 인근 갑동숯불민물장어,36.361432,127.289221,갑동 400-14,0
ST0989,덕명동 덕송초등학교,덕명동 덕송초등학교,덕명동 덕송초등학교,36.360558,127.303068,덕명동 555,0
ST0990,갑동 온조식당 입구,갑동 온조식당 입구,갑동 온조식당 입구,36.360361,127.295956,갑동 433-63,0
ST0991,자운대 간부3동 아파트 정류장,자운대 간부3동 아파트 정류장,자운대 간부3동 아파트 정류장,36.408698,127.337135,신봉동 170-1,1
ST0992,자운중학교(78군사우체국 정류장),자운중학교(78군사우체국 정류장),자운중학교(78군사우체국 정류장),36.410926,127.337113,신봉동 436-5,3
ST0993,자운대 8단지(812동),자운대 8단지(812동),자운대 8단지(812동),36.414557,127.344162,추목동 435,2
ST0994,자운대 쇼핑타운(231동),자운대 쇼핑타운(231동),자운대 쇼핑타운(231동),36.413921,127.337159,신봉동 230-13,0
ST0995,용운동 한화꿈에그린 입구,용운동 한화꿈에그린 입구,용운동 한화꿈에그린 입구,36.332435,127.457031,용운동 767-1,0
ST0996,은어송마을 2단지 입구(102),은어송마을 2단지 입구(102),은어송마을 2단지 입구(102),36.303490,127.457388,대성동 130-1,0
ST0997,은어송마을 1단지(108동),은어송마을 1단지(108동),은어송마을 1단지(108동),36.303742,127.457495,가오동 727,0
ST0999,은어송마을 3단지(311동),은어송마을 3단지(311동),은어송마을 3단지(311동),36.312054,127.459413,가오동 496,0
ST1000,옥계동 솔빛아파트,옥계동 솔빛아파트,옥계동 솔빛아파트,36.299145,127.454534,옥계동 51-1,0
ST1001,옥계동 울엄마양평해장국,옥계동 울엄마양평해장국,옥계동 울엄마양평해장국,36.300018,127.453359,옥계동 51-1,0
ST1002,호동 그린세탁소,호동 그린세탁소,호동 그린세탁소,36.302862,127.448513,호동 27-4,0
ST1003,호동 장보고가게,호동 장보고가게,호동 장보고가게,36.301860,127.447833,호동 95-3,0
ST1004,호동 쉐보레 대전중부전시장,호동 쉐보레 대전중부전시장,호동 쉐보레 대전중부전시장,36.303516,127.450743,호동 27-1,0
ST1005,옥계동 다조은 노인복지센터,옥계동 다조은 노인복지센터,옥계동 다조은 노인복지센터,36.301953,127.453619,옥계동 51-2,0
ST1006,옥계동 하남아파트 A동,옥계동 하남아파트 A동,옥계동 하남아파트 A동,36.300593,127.454851,옥계동 51-7,0
ST1007,옥계동 신도빌아파트,옥계동 신도빌아파트,옥계동 신도빌아파트,36.298491,127.456080,옥계동 51-7,0
ST1008,천동 주공아파트 버스정류장(12동),천동 주공아파트 버스정류장(12동),천동 주공아파트 버스정류장(12동),36.308115,127.449764,가오동 394,0
ST1009,가오동 신흥교회,가오동 신흥교회,가오동 신흥교회,36.306000,127.451932,가오동 236-11,0
ST1010,천동 홍익아파트(101동),천동 홍익아파트(101동),천동 홍익아파트(101동),36.311173,127.447078,천동 71-18,0
ST1011,효동 대전국악방송 건너편,효동 대전국악방송 건너편,효동 대전국악방송 건너편,36.313705,127.441120,효동 125-5,0
ST1012,베스트코 신탄진점 건너편,베스트코 신탄진점 건너편,베스트코 신탄진점 건너편,36.434134,127.421709,덕암동 79-2,0
ST1013,법동 영진로얄아파트 입구,법동 영진로얄아파트 입구,법동 영진로얄아파트 입구,36.374120,127.426557,법동 344-16,0
ST1014,충남대학교 학생생활관,충남대학교 학생생활관,충남대학교 학생생활관,36.372306,127.346404,대전광역시 유성구 궁동 220-29,0
ST1015,충남대학교 중앙도서관,충남대학교 중앙도서관,충남대학교 중앙도서관,36.369513,127.346736,대전광역시 유성구 궁동 220,0
ST1016,충남대학교 학생회관,충남대학교 학생회관,충남대학교 학생회관,36.366431,127.345595,대전광역시 유성구 궁동 220,1
ST1017,충남대학교 서문네거리,충남대학교 서문네거리,충남대학교 서문네거리,36.370410,127.339933,대전광역시 유성구 죽동 726,0
ST1018,궁동네거리1(학사마을),궁동네거리1(학사마을),궁동네거리1(학사마을),36.364937,127.338671,대전광역시 유성구 장대동 312-3,1
ST1019,궁동네거리2(하이마트),궁동네거리2(하이마트),궁동네거리2(하이마트),36.363979,127.338297,대전광역시 유성구 장대동 339,1
ST1020,충대정문오거리1(정문),충대정문오거리1(정문),충대정문오거리1(정문),36.362495,127.344141,대전광역시 유성구 궁동 351,0
ST1021,궁동 버스정류장(유성구청 방향),궁동 버스정류장(유성구청 방향),궁동 버스정류장(유성구청 방향),36.360527,127.349743,대전광역시 유성구 궁동 29-3,0
ST1023,봉명동 매드블럭,봉명동 매드블럭,봉명동 매드블럭,36.358699,127.343662,대전광역시 유성구 봉명동 608,0
ST1024,만년동 행정복지센터,만년동 행정복지센터,만년동 행정복지센터,36.367645,127.375195,대전광역시 서구 만년동 2,2
ST1025,초원아파트 버스정류장(107동),초원아파트 버스정류장(107동),초원아파트 버스정류장(107동),36.367683,127.379283,대전광역시 서구 만년동 401,1
ST1026,한밭수목원(서원),한밭수목원(서원),한밭수목원(서원),36.369195,127.387595,대전광역시 서구 만년동 396,0
ST1027,한밭수목원(동원),한밭수목원(동원),한밭수목원(동원),36.369245,127.388462,대전광역시 서구 만년동 396,1
ST1028,둔산대공원 입구(버스정류장),둔산대공원 입구(버스정류장),둔산대공원 입구(버스정류장),36.365018,127.389358,대전광역시 서구 만년동 399,3
ST1029,누리아파트(후문 버스정류장),누리아파트(후문 버스정류장),누리아파트(후문 버스정류장),36.359288,127.374225,대전광역시 서구 월평동 1510,0
ST1030,백합아파트(성룡초교),백합아파트(성룡초교),백합아파트(성룡초교),36.361423,127.374492,대전광역시 서구 월평동 1510,0
ST1031,정부청사 입구(대덕대로),정부청사 입구(대덕대로),정부청사 입구(대덕대로),36.361912,127.379653,대전광역시 서구 둔산동 1516,2
ST1032,정부청사역 4번출구,정부청사역 4번출구,정부청사역 4번출구,36.357979,127.382026,대전광역시 서구 둔산동 949,3
ST1033,정부청사 입구(남문),정부청사 입구(남문),정부청사 입구(남문),36.359685,127.385324,대전광역시 서구 둔산동 1517,17
ST1034,정부청사 입구(샘머리),정부청사 입구(샘머리),정부청사 입구(샘머리),36.361215,127.390075,대전광역시 서구 둔산동 1518,0
ST1036,갑천역 1번출구,갑천역 1번출구,갑천역 1번출구,36.354419,127.354588,대전광역시 서구 월평동 1555,1
ST1037,진달래아파트 107동,진달래아파트 107동,진달래아파트 107동,36.358189,127.366242,대전광역시 서구 월평동 1503-1,0
ST1038,둔산여고,둔산여고,둔산여고,36.352995,127.374385,대전광역시 서구 둔산동 1526,0
ST1039,타임월드,타임월드,타임월드,36.352923,127.379151,대전광역시 서구 둔산동 1033,0
ST1040,크로바아파트(정문 맞은편),크로바아파트(정문 맞은편),크로바아파트(정문 맞은편),36.351177,127.391784,대전광역시 서구 둔산동 1554-1,1
ST1041,둔산청솔아파트(9동),둔산청솔아파트 9동,둔산청솔아파트 9동,36.351335,127.398595,대전광역시 서구 둔산동 2161,1
ST1042,관저더샵 2차(202동),관저더샵 2차(202동),관저더샵 2차(202동),36.293938,127.326051,대전광역시 서구 관저동 1981,0
ST1043,중촌역 푸르지오(정문),중촌역 푸르지오(정문),중촌역 푸르지오(정문),36.345574,127.410817,대전광역시 중구 중촌동 165,0
ST1044,중촌역 푸르지오(102동),중촌역 푸르지오(102동),중촌역 푸르지오(102동),36.346737,127.409380,대전광역시 중구 중촌동 472,0
ST1045,중촌동 신수빌딩,중촌동 신수빌딩,중촌동 신수빌딩,36.342852,127.409797,대전광역시 중구 중촌동 436,2
ST1046,북대전농협 관평지점,북대전농협 관평지점,북대전농협 관평지점,36.423887,127.388695,대전광역시 유성구 관평동 927,0
ST1047,관평동 신동아파밀리에 정류장(509동),관평동 신동아파밀리에 정류장(509동),관평동 신동아파밀리에 정류장(509동),36.419803,127.386058,대전광역시 유성구 관평동 680,0
ST1050,아이파크시티 2단지(205동),아이파크시티 2단지(205동),아이파크시티 2단지(205동),36.335927,127.333196,대전광역시 유성구 상대동 402-38,0
ST1051,월평역 이마트 트레이더스(33),월평역 이마트 트레이더스(33),월평역 이마트 트레이더스(33),36.358472,127.361088,대전광역시 서구 월평동 1529,0
ST1052,충남대학교 입구 버스정류장(황금상회),충남대학교 입구 버스정류장(황금상회),충남대학교 입구 버스정류장(황금상회),36.361238,127.346071,대전광역시 유성구 궁동 485,0
ST1053,용전네거리 하나은행(121),용전네거리 하나은행(121),용전네거리 하나은행(121),36.347295,127.431472,대전광역시 동구 홍도동 9-6,0
ST1054,복수동 서부경찰서(240),복수동 서부경찰서(240),복수동 서부경찰서(240),36.308440,127.373555,대전광역시 서구 복수동 292-14,0
ST1055,한밭도서관(195),한밭도서관(195),한밭도서관(195),36.310228,127.408306,대전광역시 중구 문화동 192-12,0
ST1056,백합네거리(06),백합네거리(06),백합네거리(06),36.362352,127.376361,대전광역시 서구 월평동 222,3
ST1057,배울네거리(165),배울네거리(165),배울네거리(165),36.422155,127.387548,대전광역시 유성구 관평동 1286,0
ST1058,카이스트 학사식당(21),카이스트 학사식당(21),카이스트 학사식당(21),36.373495,127.359509,대전광역시 유성구 어은동 44,0
ST1059,법원 버스정류장(15),법원 버스정류장(15),법원 버스정류장(15),36.355322,127.390008,대전광역시 서구 둔산동 1390,1
ST1060,탄방동 유승기업사(52),탄방동 유승기업사(52),탄방동 유승기업사(52),36.343389,127.381157,대전광역시 서구 탄방동 521-23,0
ST1061,도안 1단지 휴먼시아 정문(62),도안 1단지 휴먼시아 정문(62),도안 1단지 휴먼시아 정문(62),36.350242,127.340653,대전광역시 유성구 봉명동 1026-1,0
ST1062,내동네거리(238),내동네거리(238),내동네거리(238),36.330812,127.377007,대전광역시 서구 변동 70-9,0
ST1063,읍내동 대덕문화원,읍내동 대덕문화원,읍내동 대덕문화원,36.374219,127.420393,대전광역시 대덕구 읍내동 324-5,1
ST1064,죽동 금성백조 건너편 맘스터치(203),죽동 금성백조 건너편 맘스터치(203),죽동 금성백조 건너편 맘스터치(203),36.369005,127.336736,대전광역시 유성구 죽동 750,1
ST1065,상대초등학교(63),상대초등학교(63),상대초등학교(63),36.348294,127.335822,대전광역시 유성구 상대동 467-1,1
ST1066,국립중앙과학관(104),국립중앙과학관(104),국립중앙과학관(104),36.375220,127.378129,대전광역시 유성구 가정동 54-3,12
ST1067,중앙로역 3번출구(143),중앙로역 3번출구(143),중앙로역 3번출구(143),36.327822,127.426215,대전광역시 중구 대흥동 630,10
ST1068,우송대 정문 건너편(151),우송대 정문 건너편(151),우송대 정문 건너편(151),36.336899,127.447750,대전광역시 동구 자양동 58-12,1
ST1069,한밭대학교 정문(투썸플레이스)(182),한밭대학교 정문(투썸플레이스)(182),한밭대학교 정문(투썸플레이스)(182),36.350426,127.297526,대전광역시 유성구 덕명동 615-1,0
ST1070,도안 5단지 트리풀시티(509동)(149),도안 5단지 트리풀시티(509동)(149),도안 5단지 트리풀시티(509동)(149),36.345442,127.338867,대전광역시 유성구 상대동 464,0
ST1071,도안 2단지 호반베르디움(214동),도안 2단지 호반베르디움(214동),도안 2단지 호반베르디움(214동),36.351484,127.344819,대전광역시 유성구 봉명동 1019-1,1
ST1072,성남네거리(168),성남네거리(168),성남네거리(168),36.340978,127.435583,대전광역시 동구 성남동 50-3,0
ST1073,대흥네거리(171),대흥네거리(171),대흥네거리(171),36.323600,127.428670,대전광역시 중구 대흥동 630,2
ST1074,에코공원(금강로하스타워1)(131),에코공원(금강로하스타워1)(131),에코공원(금강로하스타워1)(131),36.448866,127.444635,대전광역시 대덕구 신탄진동 1-7,0
ST1075,용문역 5번출구,용문역 5번출구,용문역 5번출구,36.338619,127.393125,대전광역시 서구 탄방동 544,2
ST1076,중촌동 행정복지센터 정류장,중촌동 행정복지센터 정류장,중촌동 행정복지센터 정류장,36.338785,127.413075,대전광역시 중구 중촌동 462,0
ST1077,오룡역 7번출구,오룡역 7번출구,오룡역 7번출구,36.328780,127.406049,대전광역시 중구 용두동 113-11,0
ST1079,남선공원 종합체육관(51),남선공원 종합체육관(51),남선공원 종합체육관(51),36.348681,127.398655,대전광역시 서구 탄방동 1269,6
ST1080,대전근로자종합복지회관,대전근로자종합복지회관,대전근로자종합복지회관,36.354377,127.382757,대전광역시 서구 둔산동 1542,4
ST1081,한남대학교 대덕밸리캠퍼스,한남대학교 대덕밸리캠퍼스,한남대학교 대덕밸리캠퍼스,36.400108,127.392244,대전광역시 유성구 전민동 571,0
ST1083,읍내동 우편취급국(210),읍내동 우편취급국(210),읍내동 우편취급국(210),36.378602,127.421322,대전광역시 대덕구 읍내동 248-2,1
ST1085,유성온천역 6번출구,유성온천역 6번출구,유성온천역 6번출구,36.354255,127.341439,대전광역시 유성구 봉명동 552-11,2
ST1086,자양동 우송삼거리(커피니),자양동 우송삼거리(커피니),자양동 우송삼거리(커피니),36.336116,127.447265,대전광역시 동구 자양동 66-1,0
ST1087,도안 8블럭 신안인스빌리베라(803동)(68),도안 8블럭 신안인스빌리베라(803동)(68),도안 8블럭 신안인스빌리베라(803동)(68),36.341916,127.344968,대전광역시 유성구 원신흥동 582,0
ST1088,한남오거리 새마을금고(154),한남오거리 새마을금고(154),한남오거리 새마을금고(154),36.348024,127.416453,대전광역시 대덕구 오정동 449-8,1
ST1089,원동네거리 국민은행(167),원동네거리 국민은행(167),원동네거리 국민은행(167),36.327038,127.434776,대전광역시 동구 원동 36-1,0
ST1090,사정동 웰빙24시사우나(241),사정동 웰빙24시사우나(241),사정동 웰빙24시사우나(241),36.296424,127.384725,대전광역시 중구 사정동 517,0
ST1091,대전근로복지공단대전병원(정문),대전근로복지공단대전병원(정문),대전근로복지공단대전병원(정문),36.368093,127.429450,대전광역시 대덕구 법동 372,0
ST1092,괴정동 경성스포츠,괴정동 경성스포츠,괴정동 경성스포츠,36.336619,127.378365,대전광역시 서구 괴정동 110-9,0
ST1093,우송대 정문,우송대 정문,우송대 정문,36.337848,127.447995,대전광역시 동구 자양동 159,1
ST1100,대동 이앤엠학원,대동 이앤엠학원,대동 이앤엠학원,36.331488,127.444099,대전광역시 동구 대동 407-1,1
ST1101,아침마을아파트 111동(가양초등학교),아침마을아파트 111동(가양초등학교),아침마을아파트 111동(가양초등학교),36.342540,127.439380,대전광역시 동구 가양동 704,1
ST1102,우송대건너편,우송대건너편,우송대건너편,36.339651,127.449006,대전광역시 동구 자양동 159,0
ST1103,"우송대,솔펫동물병원,우송애견센터","우송대,솔펫동물병원,우송애견센터","우송대,솔펫동물병원,우송애견센터",36.334552,127.445966,대전광역시 동구 자양동 159,0
ST1106,대전세무서앞(141),대전세무서앞(141),대전세무서앞(141),36.330723,127.419337,대전광역시 중구 선화동 260-1,0
ST1107,산성동 에스오일 오월드주유소 맞은편,산성동 에스오일 오월드주유소 맞은편,산성동 에스오일 오월드주유소 맞은편,36.301471,127.386095,대전광역시 중구 사정동 517,0
ST1108,가오동 홈플러스,가오동 홈플러스,가오동 홈플러스,36.307057,127.457308,대전광역시 동구 가오동 557,1
ST1109,석봉동 엑슬루타워 버스정류장,석봉동 엑슬루타워 버스정류장,석봉동 엑슬루타워 버스정류장,36.449520,127.420628,대전광역시 대덕구 석봉동 778,0
ST1110,신성동 수천이들근린공원,신성동 수천이들근린공원,신성동 수천이들근린공원,36.393719,127.352894,대전광역시 유성구 신성동 494,7
ST1111,계룡육교 아래,계룡육교 아래,계룡육교 아래,36.333139,127.399188,대전광역시 중구 태평동 272-1,0
ST1112,부사동 동서가구 부사전시장,부사동 동서가구 부사전시장,부사동 동서가구 부사전시장,36.313817,127.436338,대전광역시 중구 부사동 255-1,0
ST1113,문창동 해피마트,문창동 해피마트,문창동 해피마트,36.313739,127.436777,대전광역시 중구 문창동 372-17,0
ST1114,산성초등학교 건너편,산성초등학교 건너편,산성초등학교 건너편,36.298122,127.384729,대전광역시 중구 사정동 517,0
ST1115,"옥계동 현대셀프명성주유소, 옥계모터스","옥계동 현대셀프명성주유소, 옥계모터스","옥계동 현대셀프명성주유소, 옥계모터스",36.301854,127.452155,대전광역시 중구 옥계동 51-1,0
ST1116,한밭대학교 유성덕명캠퍼스지역협력관,한밭대학교 유성덕명캠퍼스지역협력관,한밭대학교 유성덕명캠퍼스지역협력관,36.346365,127.311115,대전광역시 유성구 복용동 551,3
ST1117,관저동 대자연마을 101동,관저동 대자연마을 101동,관저동 대자연마을 101동,36.304785,127.338944,대전광역시 서구 관저동 997,0
ST1118,대전고2,대전고2,대전고2,36.322650,127.423571,대전광역시 중구 대흥동 630,0
ST1119,대전IC 한전KDN충청지역본부,대전IC 스타벅스 인근,대전IC 스타벅스 인근,36.354764,127.444435,대전광역시 대덕구 비래동 555-1,0
ST1120,학하리슈빌포레 주출입구 건너편,학하리슈빌포레 주출입구 건너편,학하리슈빌포레 주출입구 건너편,36.335198,127.309193,대전광역시 유성구 학하동 762-7,2
ST1122,낭월동 오투그란데 107동 건너편,낭월동 오투그란데 107동 건너편,낭월동 오투그란데 107동 건너편,36.285324,127.465609,대전광역시 동구 낭월동 215-1,0
ST1123,진잠타운 203동 버스정류장,진잠타운 203동 버스정류장,진잠타운 203동 버스정류장,36.296965,127.320367,대전광역시 유성구 원내동 383,0
ST1124,남대전등기소 건너편,남대전등기소 건너편,남대전등기소 건너편,36.311635,127.438205,대전광역시 중구 문창동 397-1,1
ST1125,엑스포과학공원주차장(26),엑스포과학공원주차장(26),엑스포과학공원주차장(26),36.377288,127.378810,대전광역시 유성구 가정동 9,3
ST1126,우남스타원아파트 버스정류장,우남스타원아파트 버스정류장,우남스타원아파트 버스정류장,36.293721,127.383022,대전광역시 중구 사정동 517,0
ST1127,괴정네거리(봉주르돈까스),괴정네거리(봉주르돈까스),괴정네거리(봉주르돈까스),36.335078,127.379831,대전광역시 서구 내동 205,1
ST1128,도안동 갑천3블럭 트리풀시티 313동,도안동 갑천3블럭 트리풀시티 313동,도안동 갑천3블럭 트리풀시티 313동,36.321125,127.348283,대전광역시 서구 도안동 1492,1
ST1129,대성동 평양숨두부 건너편,대성동 평양숨두부 건너편,대성동 평양숨두부 건너편,36.301302,127.457148,대전광역시 동구 대성동 130,0
ST1130,동부여성가족원(209),동부여성가족원(209),동부여성가족원(209),36.374272,127.428192,대전광역시 대덕구 법동 440-6,0
ST1131,낭월동 오투그란데 101동,낭월동 오투그란데 101동,낭월동 오투그란데 101동,36.287379,127.463710,대전광역시 동구 낭월동 655,0
ST1132,도안 트리플시티 302동,도안 트리플시티 302동,도안 트리플시티 302동,36.325516,127.348659,대전광역시 서구 도안동 2354,0
ST1133,낭월동 오투그란테 후문,낭월동 오투그란테 후문,낭월동 오투그란테 후문,36.284019,127.464300,대전광역시 동구 낭월동 659,0
ST1135,도안동 갑천3블럭 트리풀시티 304동,도안동 갑천3블럭 트리풀시티 304동,도안동 갑천3블럭 트리풀시티 304동,36.324041,127.348294,대전광역시 서구 도안동 2353,0
ST1136,월드컵 인라인경기장,월드컵 인라인경기장,월드컵 인라인경기장,36.368221,127.323652,대전광역시 유성구 노은동 535-21 삼천리자전거 맞은편,0
ST1137,도안동 갑천3블럭 트리풀시티(308동),도안동 갑천3블럭 트리풀시티(308동),도안동 갑천3블럭 트리풀시티(308동),36.322402,127.348245,대전광역시 서구 도안동 2353,0
ST1138,도안동 갑천3블럭 트리풀시티(302동),도안동 갑천3블럭 트리풀시티(302동),도안동 갑천3블럭 트리풀시티(302동),36.325177,127.348356,대전광역시 서구 도안동 2353,0
ST1139,동양파라곤 302동,동양파라곤 302동,동양파라곤 302동,36.320991,127.387122,대전광역시 중구 태평동 421-9,2
ST1140,노은농수산물시장,노은농수산물시장,노은농수산물시장,36.366580,127.321225,대전광역시 유성구 노은동 612,0
ST1141,대전시립박물관2,대전시립박물관2,대전시립박물관2,36.336726,127.334744,대전광역시 유성구 상대동 488,0
ST1143,갈마중학교(서부장로교회)(221),갈마중학교(서부장로교회)(221),갈마중학교(서부장로교회)(221),36.349416,127.368387,대전광역시 서구 갈마동 692,0
ST1145,연구단지네거리,연구단지네거리,연구단지네거리,36.385517,127.377058,대전광역시 유성구 도룡동 404,1
ST1146,용운동 족발시대 인근,용운동 족발시대 인근,용운동 족발시대 인근,36.328075,127.457006,대전광역시 동구 용운동 537,1
ST1147,석봉동 평안정형외과 건너편,석봉동 평안정형외과 건너편,석봉동 평안정형외과 건너편,36.444868,127.424560,대전광역시 대덕구 석봉동 768,0
ST1148,성남동 석촌마을(105동),성남동 석촌마을(105동),성남동 석촌마을(105동),36.341464,127.437680,대전광역시 동구 성남동 518,0
ST1149,성남동 스마트뷰(112동),성남동 스마트뷰(112동),성남동 스마트뷰(112동),36.342341,127.434510,대전광역시 동구 성남동 529,0
ST1150,내동 롯데아파트,내동 롯데아파트,내동 롯데아파트,36.338031,127.366756,대전광역시 서구 내동 220-2,0
ST1151,서구청,서구청,서구청,36.354850,127.384430,대전광역시 서구 둔산동 1300,1
ST1153,낭월동 산내로1315번길,낭월동 산내로1315번길,낭월동 산내로1315번길,36.281446,127.464573,대전광역시 동구 낭월동 666,0
ST1154,동일스위트 1단지(101동),동일스위트 1단지(101동),동일스위트 1단지(101동),36.452466,127.433092,대전광역시 대덕구 신탄진동 734,1
ST1155,태평동 쌍용예가(87),태평동 쌍용예가(87),태평동 쌍용예가(87),36.322685,127.398107,대전광역시 중구 태평동 554,0
ST1156,성남동 효촌마을 건너편,성남동 효촌마을 건너편,성남동 효촌마을 건너편,36.345552,127.432902,대전광역시 동구 성남동 205-123,0
ST1157,둔곡 서한이다음 후문(202동),둔곡 서한이다음 후문(202동),둔곡 서한이다음 후문(202동),36.452555,127.363293,대전광역시 유성구 둔곡동 480,0
ST1158,둔곡 서한이다음 정문(103동),둔곡 서한이다음 정문(103동),둔곡 서한이다음 정문(103동),36.455346,127.363914,대전광역시 유성구 둔곡동 463,1
ST1159,둔곡 우미린 정문(101동),둔곡 우미린 정문(101동),둔곡 우미린 정문(101동),36.454854,127.364080,대전광역시 유성구 둔곡동 480,0
ST1160,둔곡 우미린 정문(107동),둔곡 우미린 정문(107동),둔곡 우미린 정문(107동),36.454367,127.363993,대전광역시 유성구 둔곡동 480,0
ST1161,둔곡 서한이다음 정문(101동),둔곡 서한이다음 정문(101동),둔곡 서한이다음 정문(101동),36.454314,127.363703,대전광역시 유성구 둔곡동 480,0
ST1162,오정동 374-2,오정동 374-2,오정동 374-2,36.352994,127.414508,대전광역시 대덕구 오정동 374-2,1
ST1163,가오동 주공아파트(105동),가오동 주공아파트(105동),가오동 주공아파트(105동),36.306631,127.453356,대전광역시 동구 가오동 207-1,0
ST1165,죽동 한국타이어앞 CU,죽동 한국타이어앞 CU,죽동 한국타이어앞 CU,36.376312,127.338052,대전광역시 유성구 죽동 712-1,4
ST1166,흑석네거리(기성보건지소),흑석네거리(기성보건지소),흑석네거리(기성보건지소),36.254704,127.341442,대전광역시 서구 흑석동 381-1,2
ST1167,가양동 드림팰리스5차,가양동 드림팰리스5차,가양동 드림팰리스5차,36.350111,127.441486,대전광역시 동구 가양동 634,0
ST1168,관저동 금동초등학교,관저동 금동초등학교,관저동 금동초등학교,36.297160,127.326155,대전광역시 서구 관저동 1160,0
ST1169,충남대학교 간호대학,충남대학교 간호대학,충남대학교 간호대학,36.315591,127.413314,대전광역시 중구 문화동 6,0
ST1170,목동 현대아파트,목동 현대아파트,목동 현대아파트,36.328182,127.413813,대전광역시 중구 목동 132-66,0
ST1171,가양동 국제라이온스협회 356-B(대전),Lions Clubs International,Lions Clubs International,36.345280,127.445126,대전광역시 동구 가양동 414-19,0
ST1172,다모아아파트 상가,다모아아파트 상가,다모아아파트 상가,36.362754,127.367896,대전광역시 서구 월평동 311,1
ST1173,가수원 은아아파트 5단지,가수원 은아아파트 5단지,가수원 은아아파트 5단지,36.298957,127.356090,대전광역시 서구 가수원동 820-3,0
ST1175,금강로하스대청공원,금강로하스대청공원,금강로하스대청공원,36.472613,127.473350,대전광역시 대덕구 미호동 67,0
ST1176,가양동 올댓,가양동 올댓,가양동 올댓,36.346604,127.444700,대전광역시 동구 가양동 419-2,0
ST1177,가양동 트윈스아파트,가양동 트윈스아파트,가양동 트윈스아파트,36.345427,127.451728,대전광역시 동구 가양동 165-11,0
ST1178,가양동 가팔어린이공원,가양동 가팔어린이공원,가양동 가팔어린이공원,36.344248,127.449159,대전광역시 동구 가양동 656,0
ST1179,탄방동 대전고용복지플러스센터,탄방동 대전고용복지플러스센터,탄방동 대전고용복지플러스센터,36.346615,127.385463,대전광역시 서구 탄방동 1447-1,1
ST1181,하기동 그린브라우니,하기동 그린브라우니,하기동 그린브라우니,36.387646,127.322756,대전광역시 유성구 하기동 596,0
ST1182,오토월드 버스정류장,autoworld bus station,汽车世界前的公交车站,36.342351,127.321093,대전광역시 유성구 복용동 175-3,2
ST1183,홍도아파트 버스정류장,홍도아파트 버스정류장,홍도아파트 버스정류장,36.344149,127.427680,대전광역시 동구 홍도동 838,0
ST1184,인동네거리 신협2,인동네거리 신협2,인동네거리 신협2,36.321465,127.437701,대전광역시 동구 인동 42-4,0
ST1185,중리동 양무리교회,중리동 양무리교회,중리동 양무리교회,36.362762,127.425302,대전광역시 대덕구 중리동 418,1
ST1186,서한이다음(204동),서한이다음(204동),서한이다음(204동),36.451911,127.362022,대전광역시 유성구 둔곡동 512,0
ST1187,한국효문화진흥원,한국효문화진흥원,한국효문화진흥원,36.285163,127.383285,대전광역시 중구 안영동 71-11,0
ST1188,국화아파트(305동),국화아파트(305동),국화아파트(305동),36.354483,127.395429,대전광역시 서구 둔산동 1809,1
ST1189,가양동 대주파크빌 이마트24,가양동 대주파크빌 이마트24,가양동 대주파크빌 이마트24,36.344007,127.448295,대전광역시 동구 가양동 651-14,0
ST1190,용산동 호반써밋정문,용산동 호반써밋정문,용산동 호반써밋정문,36.415799,127.392115,대전광역시 유성구 용산동 370-9,0
ST1192,가장동 래미안 210동 건너편(맥도날드),가장동 래미안 210동 건너편(맥도날드),가장동 래미안 210동 건너편(맥도날드),36.334477,127.389045,대전광역시 서구 가장동 190,0
ST1194,관평동 대덕비즈센터 남문 맞은편,관평동 대덕비즈센터 남문 맞은편,관평동 대덕비즈센터 남문 맞은편,36.431629,127.393935,대전광역시 유성구 관평동 717,4
ST1196,만년네거리 상록수아파트 104동,Mannyeonnegeori sangnoksuapateu 104dong,Mannyeonnegeori sangnoksuapateu 104dong,36.365002,127.379003,대전광역시 서구 만년동 399-1,1
ST1197,인재개발원 입구,Injaegaebarwon ipgu,Injaegaebarwon ipgu,36.401103,127.364855,대전광역시 유성구 장동 25-4,2
ST1198,남대전 물류센터,Namdaejeon mullyusenteo ipgu,Namdaejeon mullyusenteo ipgu,36.273125,127.469103,대전광역시 동구 구도동 406,0
ST1200,관평동 대우푸르지오 상가,Gwanpyeongdong daeupureujioapateu sangga ap,Gwanpyeongdong daeupureujioapateu sangga ap,36.418874,127.382817,대전광역시 유성구 관평동 681,0
ST1201,대화동 복합문화센터,Daehwadong bokammunhwasenteo ap,Daehwadong bokammunhwasenteo ap,36.368525,127.401277,대전광역시 대덕구 대화동 530-3,6
ST1202,용전동 한숲아파트(101동),Yongjeondong hansupapateu 101dong ap,Yongjeondong hansupapateu 101dong ap,36.355399,127.427743,대전광역시 동구 용전동 194-9,0
ST1203,용산동 호반써밋(307동),용산동 호반써밋(307동),용산동 호반써밋(307동),36.415184,127.393728,대전광역시 유성구 용산동 386,0
ST1204,우암사적공원,우암사적공원,우암사적공원,36.346892,127.455789,대전광역시 동구 가양동 687,0
ST1205,성남동 휴먼시아 스마트빌 건너편,성남동 휴먼시아 스마트빌 건너편,성남동 휴먼시아 스마트빌 건너편,36.343792,127.434345,대전광역시 동구 성남동 166-120,1
ST1206,용산동 호반써밋(101동),용산동 호반써밋(101동),용산동 호반써밋(101동),36.414936,127.390291,대전광역시 유성구 용산동 417-8,0
ST1207,용산동 호반써밋(209동),용산동 호반써밋(209동),용산동 호반써밋(209동),36.414462,127.390924,대전광역시 유성구 용산동 417-8,0
ST1208,용산동 호반써밋(205동),용산동 호반써밋(205동),용산동 호반써밋(205동),36.412777,127.389614,대전광역시 유성구 용산동 503-11,0
ST1209,도마동 대청애견수족관,도마동 대청애견수족관,도마동 대청애견수족관,36.319379,127.373848,대전광역시 서구 도마동 61-5,0
ST1211,갈마육교(동산맨션),갈마육교(동산맨션),갈마육교(동산맨션),36.350877,127.371824,대전광역시 서구 갈마동 343-54,0
ST1212,뚜레쥬르 노은호반점(지족동),뚜레쥬르 노은호반점(지족동),뚜레쥬르 노은호반점(지족동),36.386935,127.316086,대전광역시 유성구 지족동 985-2,0
ST1213,용산동 호반써밋(401동),용산동 호반써밋(401동),용산동 호반써밋(401동),36.414224,127.392972,대전광역시 유성구 용산동 24-10,0
ST1214,용산동 호반써밋(3단지)후문,용산동 호반써밋(3단지)후문,용산동 호반써밋(3단지)후문,36.414500,127.393712,대전광역시 유성구 용산동 400,0
ST1215,용산동 호반써밋(4단지관리사무소앞),용산동 호반써밋(4단지관리사무소앞),용산동 호반써밋(4단지관리사무소앞),36.414340,127.393669,대전광역시 유성구 용산동 400-3,0
ST1216,대덕 현대 프리미엄 쇼핑몰,대덕 현대 프리미엄 쇼핑몰,대덕 현대 프리미엄 쇼핑몰,36.422425,127.400174,대전광역시 유성구 용산동 608,1
ST1217,학하리슈빌포레 부출입구 앞,학하리슈빌포레 부출입구 앞,학하리슈빌포레 부출입구 앞,36.334663,127.310289,대전광역시 유성구 학하동 823,1
ST1218,적십자 버스정류장,적십자 버스정류장,적십자 버스정류장,36.352955,127.442832,대전광역시 대덕구 송촌동 367,0
